Subset_Split,Design_Point,Activation_Function,Number_Neurons,Input_DO_Rate,Hidden_DO_Rate,Initial_Weight_Dist,Data_Scale,Rho,Epsilon,Shuffle_Train_Data,Dropout,DPt,Train_MSE,Test_MSE,Train_Time,Notes
1,1,Rectifier,1,0.071610591,0.049719046,Uniform,PM.5,0.735845125,3.43e-10,TRUE,TRUE,NA,0.13556417041665114,0.14526011754883422,3.183,NA
1,2,Rectifier,1,0.019232317,0.017179239,Uniform,PM.5,0.723234995,2.73e-10,FALSE,TRUE,NA,0.1413667824020333,0.14529492927033735,0.336,NA
1,3,Tanh,3,0.04326823,0.112831847,Uniform,PM.5,0.750983297,3.09e-10,TRUE,TRUE,NA,0.006929304845180137,0.009840548063125155,0.809,NA
1,4,Tanh,2,0.091016357,0.005830334,Normal,PM1,0.765311227,3.91e-10,FALSE,TRUE,NA,0.030617128522988025,0.04602511896502154,0.722,NA
1,5,Rectifier,1,0.008320758,0.133043173,Uniform,PM1,0.757013746,3.86e-10,TRUE,TRUE,NA,0.5490726006149925,0.5732094919604657,0.113,NA
1,6,Tanh,1,0.121987776,0.089889653,UniformAdaptive,PM.5,0.724448362,3.64e-10,FALSE,TRUE,NA,0.05827080901372638,0.05761248117262209,0.419,NA
1,7,Rectifier,2,0.190956102,0.251376292,UniformAdaptive,PM.5,0.738092026,3.82e-10,TRUE,TRUE,NA,0.14850340708782428,0.15136253977299644,0.255,NA
1,8,Tanh,3,0.134386094,0.127235678,Normal,ZO,0.728718226,2.98e-10,TRUE,TRUE,NA,0.061629982394612266,0.06272175770605956,0.483,NA
1,9,Rectifier,1,0.209829633,0.146593417,Uniform,ZO,0.735658011,3.97e-10,FALSE,TRUE,NA,0.10628413254657293,0.1056355128515026,0.165,NA
1,10,Tanh,3,0.11964957,0.23764315,Uniform,PM.5,0.763038145,3.29e-10,FALSE,TRUE,NA,0.009334196895625963,0.01252709027098448,0.464,NA
1,11,Tanh,1,0.108868387,0.210124135,UniformAdaptive,ZO,0.737542169,2.7e-10,TRUE,TRUE,NA,0.09696521119300033,0.10278528290081285,0.26,NA
1,12,Tanh,2,0.098906505,0.189818116,Normal,PM1,0.752751476,3.49e-10,TRUE,TRUE,NA,0.04048737419878575,0.05172914914139101,0.528,NA
1,13,Rectifier,3,0.026416222,0.19879797,Normal,PM1,0.72600004,3.22e-10,TRUE,TRUE,NA,0.540856223056149,0.5597239671283472,0.295,NA
1,14,Tanh,1,0.04571026,0.24904325,Normal,ZO,0.769233991,2.9e-10,FALSE,TRUE,NA,0.09912306002356136,0.10514920784582253,0.472,NA
1,15,Tanh,1,0.061620564,0.083317536,Normal,ZO,0.760305326,2.85e-10,FALSE,TRUE,NA,0.06692844137740936,0.07975164180205994,0.476,NA
1,16,Tanh,3,0.137972617,0.326778908,UniformAdaptive,ZO,0.802002623,3.77e-10,FALSE,TRUE,NA,0.017338651452184196,0.021488913401593448,0.51,NA
1,17,Rectifier,2,0.235369775,0.274960426,Normal,PM1,0.775104852,3.59e-10,TRUE,TRUE,NA,0.5997997171371151,0.6118319841475037,0.224,NA
1,18,Tanh,2,0.144379811,0.155760718,UniformAdaptive,ZO,0.763982601,3.75e-10,FALSE,TRUE,NA,0.012811503871461636,0.015316889581479897,0.501,NA
1,19,Rectifier,1,0.211341299,0.095379893,UniformAdaptive,ZO,0.794271306,3.32e-10,TRUE,TRUE,NA,0.13914206977953425,0.13727322681965204,0.065,NA
1,20,Rectifier,1,0.220496434,0.114664919,Uniform,PM.5,0.761685759,3.51e-10,TRUE,TRUE,NA,0.15681770964028358,0.16097944120416907,0.055,NA
1,21,Tanh,2,0.040827781,0.316036109,UniformAdaptive,PM1,0.742606733,2.19e-10,TRUE,TRUE,NA,0.06819696393704792,0.08390214547418073,0.515,NA
1,22,Rectifier,3,0.004821584,0.270421993,Normal,PM1,0.730116391,1.88e-10,TRUE,TRUE,NA,0.5738698559463543,0.5806018180594479,0.099,NA
1,23,Rectifier,3,0.129706341,0.337761488,UniformAdaptive,ZO,0.747851033,2.63e-10,FALSE,TRUE,NA,0.06560876561794361,0.06900032550628897,0.178,NA
1,24,Tanh,1,0.186751235,0.321177902,Normal,ZO,0.751464244,2.02e-10,TRUE,TRUE,NA,0.08997923170552845,0.09567844702105208,0.501,NA
1,25,Tanh,3,0.016061828,0.290039822,Uniform,ZO,0.763758809,2.08e-10,TRUE,TRUE,NA,0.014655401733774847,0.01799832857556805,0.42,NA
1,26,Tanh,1,0.057564943,0.328146621,UniformAdaptive,PM1,0.789357134,2.76e-10,FALSE,TRUE,NA,0.24293129731077728,0.27995959210652055,0.47,NA
1,27,Rectifier,3,0.114965582,0.296562774,UniformAdaptive,ZO,0.777511658,3.07e-10,FALSE,TRUE,NA,0.02321538383417767,0.028133744096411003,0.454,NA
1,28,Tanh,1,0.021410396,0.268111457,Uniform,PM.5,0.781986403,3.96e-10,FALSE,TRUE,NA,0.08811301048340793,0.08979469035317983,0.216,NA
1,29,Rectifier,2,0.005924887,0.319464341,UniformAdaptive,ZO,0.792071191,3.61e-10,FALSE,TRUE,NA,0.13311424108978875,0.1378109713044938,0.069,NA
1,30,Rectifier,2,0.124490195,0.287295187,UniformAdaptive,PM.5,0.755535016,3.99e-10,TRUE,TRUE,NA,0.14716712702543472,0.14990538975976084,0.063,NA
1,31,Tanh,1,0.153559468,0.281430304,Uniform,PM1,0.733666632,3.17e-10,FALSE,TRUE,NA,0.24754359958593147,0.27528466852746025,0.454,NA
1,32,Tanh,1,0.051031222,0.308781757,Normal,PM.5,0.728503567,3.94e-10,TRUE,TRUE,NA,0.06223125531625629,0.06382424537789418,0.356,NA
1,33,Rectifier,1,0.322207519,0.052987026,UniformAdaptive,PM1,0.815340948,3.68e-10,TRUE,TRUE,NA,0.5551628729416095,0.5604798408311187,0.281,NA
1,34,Rectifier,2,0.300180442,0.015705225,Normal,ZO,0.778793281,3.54e-10,TRUE,TRUE,NA,0.14680831232372107,0.13941827831214407,0.157,NA
1,35,Tanh,3,0.254635362,0.101488474,Normal,PM1,0.790585492,2.67e-10,FALSE,TRUE,NA,0.03265462904569662,0.040486574046360954,0.528,NA
1,36,Tanh,1,0.338927628,0.072668825,Uniform,PM1,0.767297638,2.7e-10,FALSE,TRUE,NA,0.19437730292190608,0.2174119388770017,0.392,NA
1,37,Rectifier,1,0.216805201,0.036757066,Normal,ZO,0.770082689,3.15e-10,TRUE,TRUE,NA,0.10814057747085673,0.11365868935364731,0.103,NA
1,38,Rectifier,1,0.157220239,0.01088052,Normal,ZO,0.74674807,3.36e-10,TRUE,TRUE,NA,0.13587389082450663,0.1399223837381508,0.062,NA
1,39,Rectifier,2,0.233369007,0.064011139,Uniform,ZO,0.731696012,3.27e-10,TRUE,TRUE,NA,0.14168725078381522,0.13794140939501465,0.14,NA
1,40,Tanh,2,0.261271864,0.089347677,Uniform,PM.5,0.777267527,3.78e-10,TRUE,TRUE,NA,0.007888122932736349,0.010917205600416289,0.539,NA
1,41,Tanh,3,0.308381563,0.150620519,UniformAdaptive,PM.5,0.754669029,3.57e-10,FALSE,TRUE,NA,0.007045271723826543,0.010159615979582103,0.415,NA
1,42,Rectifier,3,0.277223577,0.12490238,UniformAdaptive,PM1,0.745478574,4.02e-10,FALSE,TRUE,NA,0.4940993743620666,0.52099294822129,0.278,NA
1,43,Rectifier,2,0.2709629,0.168038681,Normal,ZO,0.741709076,3.08e-10,TRUE,TRUE,NA,0.2158578231306642,0.23692649879170966,0.098,NA
1,44,Rectifier,2,0.314499366,0.009704618,UniformAdaptive,ZO,0.723769647,3.99e-10,FALSE,TRUE,NA,0.06104087972838236,0.059350578851760136,0.248,NA
1,45,Rectifier,2,0.279495886,0.033949269,Uniform,ZO,0.734742532,2.86e-10,TRUE,TRUE,NA,0.05400707049093427,0.062373840908381564,0.437,NA
1,46,Tanh,2,0.21807274200000001,0.161463052,Normal,PM1,0.832163196,3.92e-10,FALSE,TRUE,NA,0.04420820654228148,0.053794000812282076,0.494,NA
1,47,Tanh,2,0.203805526,0.071904018,Normal,PM1,0.842329982,3.81e-10,FALSE,TRUE,NA,0.034707155452270835,0.048692317001111686,0.515,NA
1,48,Rectifier,2,0.246114197,0.084285427,Normal,PM.5,0.81145047,2.95e-10,FALSE,TRUE,NA,0.2671775484590502,0.2855999792062726,0.145,NA
1,49,Rectifier,1,0.162150462,0.046056138,Normal,PM1,0.824924821,3.9e-10,TRUE,TRUE,NA,0.5997997171371151,0.6118319841475037,0.088,NA
1,50,Rectifier,3,0.272569602,0.109850039,UniformAdaptive,PM1,0.846383539,2.59e-10,FALSE,TRUE,NA,0.660637478047868,0.6864909266695619,0.063,NA
1,51,Rectifier,2,0.295565408,0.028686867,Uniform,PM.5,0.845006946,2.06e-10,TRUE,TRUE,NA,0.15753243043598783,0.1613318447875135,0.078,NA
1,52,Rectifier,3,0.330219491,0.008827969,Uniform,PM1,0.809719416,2.42e-10,TRUE,TRUE,NA,0.7212280204841177,0.7588511678867084,0.101,NA
1,53,Tanh,2,0.304398691,0.075446084,Uniform,PM1,0.829286173,3.22e-10,TRUE,TRUE,NA,0.036516328024502394,0.04535579849252491,0.51,NA
1,54,Tanh,3,0.296139428,0.322350395,Uniform,PM1,0.763611983,3.89e-10,FALSE,TRUE,NA,0.03742486332093463,0.050059122588645796,0.513,NA
1,55,Tanh,3,0.328424359,0.329623445,Normal,ZO,0.729166447,3.3e-10,FALSE,TRUE,NA,0.053613286583031376,0.057810939520908974,0.538,NA
1,56,Rectifier,1,0.251747639,0.278292888,Uniform,ZO,0.723629156,2.76e-10,TRUE,TRUE,NA,0.13894243641757795,0.14537620074128801,0.088,NA
1,57,Rectifier,2,0.306210365,0.259856701,Uniform,ZO,0.772255652,2.48e-10,FALSE,TRUE,NA,0.14217516504747618,0.13465817443873523,0.097,NA
1,58,Tanh,2,0.197309295,0.306804948,Normal,PM1,0.769486227,3.48e-10,FALSE,TRUE,NA,0.0561595164477736,0.0694937581416359,0.513,NA
1,59,Rectifier,2,0.267598535,0.224759702,UniformAdaptive,ZO,0.730706796,3.71e-10,FALSE,TRUE,NA,0.024020595645287184,0.02679886736735124,0.425,NA
1,60,Tanh,2,0.333845217,0.216242529,Normal,PM1,0.744129847,2.88e-10,TRUE,TRUE,NA,0.16445761488344143,0.1870027360128702,0.481,NA
1,61,Rectifier,1,0.325196842,0.126121472,UniformAdaptive,PM1,0.782130031,3.29e-10,FALSE,TRUE,NA,0.7894715022754694,0.8362592464206469,0.082,NA
1,62,Tanh,1,0.283626193,0.191460016,Normal,PM.5,0.772832811,3.34e-10,FALSE,TRUE,NA,0.06173533771831207,0.05964550533195132,0.35,NA
1,63,Tanh,1,0.297062246,0.20188893,UniformAdaptive,PM1,0.793182978,2.77e-10,TRUE,TRUE,NA,0.25738580257899984,0.25594691099275785,0.451,NA
1,64,Tanh,2,0.315264324,0.18431573,UniformAdaptive,PM.5,0.761489151,2.25e-10,FALSE,TRUE,NA,0.007961767710141085,0.011393705407641057,0.483,NA
1,65,Rectifier,3,0.287412271,0.145350442,Normal,PM1,0.817990466,3.03e-10,TRUE,TRUE,NA,0.5451547301704176,0.5666444078676376,0.248,NA
1,66,Tanh,3,0.250243136,0.197388629,Normal,PM.5,0.755826766,1.96e-10,FALSE,TRUE,NA,0.011245614604334302,0.01386495142887901,0.496,NA
1,67,Tanh,2,0.210673984,0.223639906,Uniform,PM1,0.765733458,2.82e-10,FALSE,TRUE,NA,0.040425653941182804,0.05175414300413834,0.49,NA
1,68,Rectifier,2,0.241811422,0.132386072,Normal,PM1,0.771504427,2.28e-10,TRUE,TRUE,NA,0.7073804533375241,0.7574500560986648,0.196,NA
1,69,Tanh,3,0.293243564,0.159062774,Normal,PM.5,0.725622444,2.53e-10,TRUE,TRUE,NA,0.027396244378500828,0.03356119857116056,0.545,NA
1,70,Rectifier,3,0.214975547,0.284495125,UniformAdaptive,PM1,0.804867807,8.5e-11,TRUE,TRUE,NA,0.5994585691237606,0.6113215936690375,0.142,NA
1,71,Rectifier,1,0.246674383,0.235390901,Normal,ZO,0.768205425,7.52e-11,TRUE,TRUE,NA,0.16449415621010224,0.15071973320693172,0.069,NA
1,72,Rectifier,1,0.280264738,0.212185917,Uniform,PM.5,0.779517395,1.16e-10,TRUE,TRUE,NA,0.1452960804742309,0.1493729993374152,0.118,NA
1,73,Tanh,3,0.25718093400000003,0.244640403,UniformAdaptive,PM.5,0.81372085,1.53e-10,TRUE,TRUE,NA,0.008401627527008418,0.011069280292111704,0.393,NA
1,74,Rectifier,3,0.305670405,0.322841679,Uniform,ZO,0.811972994,1.07e-10,FALSE,TRUE,NA,0.06862974689837657,0.06764562679364777,0.456,NA
1,75,Rectifier,2,0.269814291,0.335708204,UniformAdaptive,PM.5,0.836101297,1.01e-10,FALSE,TRUE,NA,0.15158983973311171,0.15498658889562522,0.062,NA
1,76,Rectifier,1,0.243798009,0.309166041,Uniform,PM.5,0.840121957,1.73e-10,FALSE,TRUE,NA,0.1690588241975957,0.1775204777327975,0.091,NA
1,77,Rectifier,1,0.262782473,0.302477063,UniformAdaptive,PM.5,0.759296029,1.32e-10,FALSE,TRUE,NA,0.186691460286452,0.17789324737909848,0.041,NA
1,78,Tanh,3,0.33571367,0.266266555,Uniform,PM1,0.732181252,1.12e-10,TRUE,TRUE,NA,0.09635856400452857,0.10671525410664151,0.523,NA
1,79,Tanh,2,0.286877386,0.243089932,Normal,PM.5,0.739635265,1.84e-10,FALSE,TRUE,NA,0.05900404950084563,0.06193890782760171,0.476,NA
1,80,Tanh,2,0.217228794,0.333332518,Uniform,PM.5,0.737813339,2.3e-10,FALSE,TRUE,NA,0.014304466193792602,0.018340800039283227,0.474,NA
1,81,Rectifier,1,0.272373258,0.277399333,Uniform,PM.5,0.781740699,1.89e-10,FALSE,TRUE,NA,0.14994992928427878,0.15295799603687593,0.07,NA
1,82,Rectifier,3,0.207412345,0.193604154,Uniform,PM1,0.727369236,1.21e-10,FALSE,TRUE,NA,0.5878699103575661,0.5884496727865415,0.374,NA
1,83,Tanh,3,0.195239182,0.152114499,UniformAdaptive,PM1,0.746465818,1.75e-10,TRUE,TRUE,NA,0.050113377749243494,0.06470862414878545,0.535,NA
1,84,Rectifier,1,0.299882101,0.229806681,Uniform,ZO,0.747571682,9.08e-11,FALSE,TRUE,NA,0.13939780851919534,0.13813970462323494,0.068,NA
1,85,Tanh,3,0.316402,0.102848716,UniformAdaptive,PM1,0.729829941,1.68e-10,FALSE,TRUE,NA,0.0371032591478733,0.05081225755303386,0.528,NA
1,86,Tanh,3,0.313927439,0.158449981,Uniform,ZO,0.775771737,1.38e-10,TRUE,TRUE,NA,0.04344639045783211,0.05122383268629254,0.51,NA
1,87,Tanh,3,0.30919751,0.087985468,Uniform,ZO,0.751388792,1.18e-10,FALSE,TRUE,NA,0.03828167133428303,0.03987667350967479,0.522,NA
1,88,Tanh,3,0.19807148,0.102631475,UniformAdaptive,ZO,0.753927922,8.08e-11,TRUE,TRUE,NA,0.031177179979482123,0.03688379989105553,0.483,NA
1,89,Tanh,2,0.238609608,0.003218733,Uniform,ZO,0.725426111,1.03e-10,TRUE,TRUE,NA,0.06329046664942659,0.06510517538899906,0.42,NA
1,90,Rectifier,3,0.252039164,0.121571952,Normal,PM1,0.741261107,1.4e-10,FALSE,TRUE,NA,0.5689513693563596,0.5789500384449695,0.18,NA
1,91,Rectifier,3,0.318700553,0.026943386,Normal,ZO,0.757831737,9.31e-11,TRUE,TRUE,NA,0.1174621674448211,0.11245305297586843,0.403,NA
1,92,Rectifier,3,0.224316756,0.022441269,Normal,PM.5,0.750185382,2.51e-10,TRUE,TRUE,NA,0.2591099367002743,0.35263518588167586,0.115,NA
1,93,Rectifier,3,0.323857638,0.018026943,UniformAdaptive,PM1,0.73304997,1.91e-10,FALSE,TRUE,NA,0.570484410468002,0.590221330357352,0.154,NA
1,94,Tanh,1,0.092985675,0.217195412,Uniform,ZO,0.724687592,1.63e-10,FALSE,TRUE,NA,0.09628749232821167,0.09642225220275592,0.464,NA
1,95,Tanh,1,0.09700967,0.290767498,Uniform,PM1,0.73478631,8.94e-11,TRUE,TRUE,NA,0.2932951686093919,0.3354060617669268,0.439,NA
1,96,Tanh,3,0.166750119,0.334645368,Normal,ZO,0.773192955,1.28e-10,TRUE,TRUE,NA,0.026726440850016353,0.03294710930429092,0.475,NA
1,97,Tanh,3,0.076953423,0.263804169,Normal,PM.5,0.748144571,1.7e-10,FALSE,TRUE,NA,0.027134327632807827,0.032119495740473514,0.509,NA
1,98,Tanh,2,0.007195482,0.328689778,Uniform,PM.5,0.744331563,1.11e-10,FALSE,TRUE,NA,0.032798723153137754,0.03855267271296565,0.54,NA
1,99,Rectifier,1,0.030262817,0.239502971,UniformAdaptive,PM1,0.758681665,1.21e-10,TRUE,TRUE,NA,0.6396448711753118,0.643380653967393,0.047,NA
1,100,Rectifier,1,0.070456369,0.293034807,Normal,ZO,0.770068883,1.48e-10,TRUE,TRUE,NA,0.15508464452991186,0.15521895690932658,0.045,NA
1,101,Tanh,2,0.023827485,0.081320089,Uniform,PM1,0.740988204,2.31e-10,TRUE,TRUE,NA,0.03078988800829068,0.0434980920895604,0.467,NA
1,102,Tanh,1,0.037788492,0.136879671,UniformAdaptive,ZO,0.732951677,1.55e-10,FALSE,TRUE,NA,0.06321413623087403,0.062303296635414895,0.427,NA
1,103,Rectifier,3,0.15054138,0.114132602,UniformAdaptive,PM.5,0.736683654,9.98e-11,FALSE,TRUE,NA,0.14508812896827136,0.1511421367720589,0.093,NA
1,104,Tanh,1,0.022001128,0.18040963,Uniform,PM1,0.745316199,7.56e-11,FALSE,TRUE,NA,0.2342698069423279,0.26382456331586923,0.446,NA
1,105,Rectifier,2,0.085763113,0.140146068,UniformAdaptive,PM1,0.750054709,8.69e-11,FALSE,TRUE,NA,0.5335435079281889,0.5702428467985384,0.177,NA
1,106,Tanh,1,0.051390811,0.029900279,UniformAdaptive,ZO,0.738599904,1.38e-10,TRUE,TRUE,NA,0.0611081950215964,0.06052041304194552,0.387,NA
1,107,Tanh,3,0.078464449,0.14581472,Uniform,PM.5,0.768858964,2.19e-10,TRUE,TRUE,NA,0.006669195641087825,0.00964346175852456,0.472,NA
1,108,Rectifier,3,0.012585897,0.160712532,UniformAdaptive,PM.5,0.790260552,9.11e-11,FALSE,TRUE,NA,0.1470744893907281,0.15158730741608883,0.061,NA
1,109,Rectifier,2,0.077988378,0.060835595,UniformAdaptive,ZO,0.784021651,1.11e-10,TRUE,TRUE,NA,0.09408184084703058,0.08180868403477312,0.122,NA
1,110,Tanh,1,0.047735845,0.117941275,UniformAdaptive,ZO,0.807281954,7.72e-11,TRUE,TRUE,NA,0.06847930945967932,0.06789125336721254,0.454,NA
1,111,Tanh,3,0.123487848,0.174436401,Uniform,PM.5,0.769599435,9.7e-11,TRUE,TRUE,NA,0.010375532551358395,0.014201814052717707,0.507,NA
1,112,Tanh,2,0.128584183,0.153930977,Uniform,PM1,0.796744854,1.3e-10,FALSE,TRUE,NA,0.05253034426007361,0.06533376111787913,0.514,NA
1,113,Rectifier,3,0.234042101,0.164192177,Normal,ZO,0.808371641,1.79e-10,TRUE,TRUE,NA,0.11798498822393634,0.12440045165176096,0.343,NA
1,114,Tanh,2,0.177951307,0.095634602,UniformAdaptive,PM1,0.726258956,2.13e-10,TRUE,TRUE,NA,0.20049654996334063,0.214326392913597,0.484,NA
1,115,Rectifier,1,0.097445127,0.120005724,UniformAdaptive,PM1,0.757621197,1.8e-10,FALSE,TRUE,NA,0.5432829259813419,0.5709087610067616,0.266,NA
1,116,Rectifier,3,0.163531544,0.065103955,UniformAdaptive,PM1,0.768730824,1.64e-10,FALSE,TRUE,NA,0.49913180347501274,0.5038244665318506,0.254,NA
1,117,Rectifier,3,0.156944267,0.138050799,Uniform,PM.5,0.778973178,2.43e-10,TRUE,TRUE,NA,0.14526753488112595,0.1496911239262334,0.108,NA
1,118,Rectifier,1,0.100986271,0.0260673,UniformAdaptive,PM1,0.727187911,2.25e-10,FALSE,TRUE,NA,0.596069410580381,0.6094759975624864,0.109,NA
1,119,Tanh,2,0.114011347,0.045238874,UniformAdaptive,PM.5,0.744485668,2.41e-10,FALSE,TRUE,NA,0.007354875518703559,0.010957924287255786,0.475,NA
1,120,Tanh,3,0.11943753,0.030760631,Normal,PM.5,0.788025239,2e-10,TRUE,TRUE,NA,0.009449075696353483,0.014792761837354928,0.507,NA
1,121,Tanh,3,0.062831297,0.002688875,Uniform,PM.5,0.749307558,2.1e-10,TRUE,TRUE,NA,0.0037815104658729965,0.00546734623019441,0.53,NA
1,122,Tanh,2,0.084572924,0.324154993,Normal,ZO,0.842527253,3.35e-10,TRUE,TRUE,NA,0.07379854280603332,0.07178504318302324,0.495,NA
1,123,Rectifier,2,0.121593658,0.335220696,Normal,PM.5,0.813482758,3.24e-10,FALSE,TRUE,NA,0.15497373361830166,0.1627212437808261,0.101,NA
1,124,Rectifier,3,0.088853192,0.256790583,Uniform,PM1,0.805994939,3.15e-10,TRUE,TRUE,NA,0.5358120389207963,0.5477924679836086,0.227,NA
1,125,Tanh,1,0.015096976,0.244003413,Normal,PM.5,0.834316748,3.4e-10,FALSE,TRUE,NA,0.060498240523671726,0.06721212026724699,0.451,NA
1,126,Rectifier,2,0.205528828,0.329448992,UniformAdaptive,PM1,0.830201236,2.91e-10,TRUE,TRUE,NA,0.6617416762270126,0.6833330171622176,0.076,NA
1,127,Rectifier,1,0.225094209,0.241835164,Normal,PM1,0.843611163,2.97e-10,FALSE,TRUE,NA,0.6092302082161152,0.6211824740030295,0.202,NA
1,128,Rectifier,2,0.20308236,0.271581902,Normal,ZO,0.816965093,3.37e-10,FALSE,TRUE,NA,0.06630155291552418,0.08075781326514009,0.255,NA
1,129,Tanh,2,0.17408965,0.214628042,Normal,PM1,0.812520747,3.56e-10,FALSE,TRUE,NA,0.08304391232187747,0.09681890186329146,0.499,NA
1,130,Rectifier,1,0.332101627,0.326067488,Uniform,PM.5,0.78661091,1.78e-10,FALSE,TRUE,NA,0.16086416951253937,0.16308712299940104,0.061,NA
1,131,Rectifier,2,0.237361217,0.337419269,UniformAdaptive,PM.5,0.784533753,3.05e-10,TRUE,TRUE,NA,0.14735028837885797,0.15193692686868532,0.099,NA
1,132,Tanh,3,0.313411555,0.279816414,Uniform,ZO,0.82287884,2.94e-10,FALSE,TRUE,NA,0.022175599105473953,0.025292216511480014,0.48,NA
1,133,Rectifier,1,0.281249253,0.300353698,Normal,PM1,0.825729292,2.17e-10,FALSE,TRUE,NA,0.5995992345399989,0.6120429203226242,0.219,NA
1,134,Tanh,1,0.236111806,0.195267553,Uniform,PM1,0.821518499,2.71e-10,FALSE,TRUE,NA,0.31365481346135266,0.3487050221005671,0.444,NA
1,135,Tanh,3,0.228971887,0.208716041,Uniform,PM1,0.806193512,3.95e-10,FALSE,TRUE,NA,0.030549204389165894,0.0436259903780883,0.52,NA
1,136,Tanh,1,0.317636807,0.174263134,UniformAdaptive,PM.5,0.835966102,3.46e-10,FALSE,TRUE,NA,0.054519767189412476,0.061131224808584995,0.451,NA
1,137,Rectifier,2,0.335125725,0.18321793,Uniform,PM1,0.819102969,3.73e-10,TRUE,TRUE,NA,0.563033073608395,0.5711743696323384,0.234,NA
1,138,Rectifier,1,0.337415183,0.2611769,Normal,PM.5,0.785881571,3.86e-10,TRUE,TRUE,NA,0.14994992928427878,0.15295799603687593,0.102,NA
1,139,Tanh,1,0.291354059,0.281709352,UniformAdaptive,ZO,0.845292749,3.77e-10,FALSE,TRUE,NA,0.07186749927748973,0.08257646702728542,0.316,NA
1,140,Tanh,2,0.26385223,0.330794628,UniformAdaptive,PM1,0.809140225,4.03e-10,TRUE,TRUE,NA,0.11205289254900806,0.13421565295507415,0.493,NA
1,141,Rectifier,3,0.288622071,0.315175903,UniformAdaptive,PM.5,0.797550102,3.16e-10,FALSE,TRUE,NA,0.14531591891481574,0.15255021893888204,0.067,NA
1,142,Rectifier,3,0.184620706,0.197080773,Normal,ZO,0.827589594,8.9e-11,TRUE,TRUE,NA,0.060807217738406756,0.065234156870276,0.461,NA
1,143,Tanh,3,0.217657283,0.259310658,UniformAdaptive,PM1,0.846823623,1.35e-10,FALSE,TRUE,NA,0.06837271163326933,0.08397141791297123,0.481,NA
1,144,Rectifier,1,0.115541196,0.198571968,UniformAdaptive,ZO,0.842200689,1.44e-10,FALSE,TRUE,NA,0.07830928349278009,0.09009154071204477,0.166,NA
1,145,Tanh,3,0.053281516,0.217947508,UniformAdaptive,ZO,0.845345087,9.82e-11,TRUE,TRUE,NA,0.01569984107142085,0.0211077012858585,0.484,NA
1,146,Rectifier,3,0.135402742,0.241071989,Normal,PM1,0.832618953,1.6e-10,TRUE,TRUE,NA,0.5436460963104568,0.5702542773970792,0.25,NA
1,147,Rectifier,3,0.017818591,0.191076907,Normal,PM.5,0.816205793,1.69e-10,FALSE,TRUE,NA,0.15531869695253986,0.15787982100754536,0.174,NA
1,148,Rectifier,1,0.110793503,0.288033965,Uniform,PM.5,0.828218117,1.13e-10,TRUE,TRUE,NA,0.14994992928427878,0.15295799603687593,0.077,NA
1,149,Rectifier,2,0.240859882,0.253843303,Uniform,ZO,0.824050096,8.01e-11,FALSE,TRUE,NA,0.09409865277987992,0.09947649420036803,0.406,NA
1,150,Rectifier,3,0.148372558,0.311506257,UniformAdaptive,PM.5,0.788735384,9.29e-11,FALSE,TRUE,NA,0.15541624129173312,0.15927058580050216,0.078,NA
1,151,Rectifier,2,0.07362335,0.24134645,UniformAdaptive,ZO,0.797929361,9.41e-11,TRUE,TRUE,NA,0.030581057280130865,0.033802873645430595,0.445,NA
1,152,Rectifier,2,0.067763761,0.265771422,Uniform,PM1,0.82449173,2.65e-10,FALSE,TRUE,NA,0.5542890765201405,0.563627421146477,0.274,NA
1,153,Tanh,1,0.002527009,0.276205873,Uniform,ZO,0.836434792,1.24e-10,TRUE,TRUE,NA,0.08976560792704888,0.08631787842687962,0.436,NA
1,154,Rectifier,1,0.032249856,0.33796355300000003,Normal,PM1,0.843441309,1.79e-10,FALSE,TRUE,NA,0.5572313670311106,0.5858101723656582,0.143,NA
1,155,Rectifier,1,0.086925124,0.180833119,Normal,ZO,0.793719628,2.34e-10,FALSE,TRUE,NA,0.24484254436192998,0.24272060290555703,0.038,NA
1,156,Tanh,1,0.065531122,0.245152467,UniformAdaptive,PM.5,0.78109644600000006,2.02e-10,TRUE,TRUE,NA,0.06057159971083993,0.06981262351619977,0.435,NA
1,157,Rectifier,2,0.102522635,0.227469494,Uniform,PM1,0.791159629,1.86e-10,FALSE,TRUE,NA,0.5551281608985866,0.6047935272128379,0.141,NA
1,158,Tanh,1,0.151750836,0.255080859,UniformAdaptive,PM.5,0.76044548,1.56e-10,TRUE,TRUE,NA,0.058669210867931663,0.06663794662546692,0.438,NA
1,159,Tanh,1,0.003141959,0.302350366,UniformAdaptive,PM1,0.805473688,2.4e-10,TRUE,TRUE,NA,0.24278936870442938,0.27178126049292534,0.437,NA
1,160,Tanh,1,0.023371615,0.309528844,Normal,PM.5,0.800563291,1.42e-10,TRUE,TRUE,NA,0.10288800611399007,0.09960997654033367,0.466,NA
1,161,Tanh,2,0.159012087,0.292579836,UniformAdaptive,ZO,0.81613569,2.49e-10,TRUE,TRUE,NA,0.0260730936108241,0.028091943232076796,0.427,NA
1,162,Tanh,3,0.099524957,0.307929384,Uniform,PM.5,0.810724101,2.84e-10,TRUE,TRUE,NA,0.012817317111326238,0.01699579498934221,0.271,NA
1,163,Tanh,3,0.181783027,0.304342626,UniformAdaptive,PM.5,0.79292991,1.7e-10,TRUE,TRUE,NA,0.01024538681629406,0.013650602350944471,0.478,NA
1,164,Tanh,2,0.19123417,0.31446413,Normal,PM.5,0.837400097,2.22e-10,TRUE,TRUE,NA,0.11570031401151432,0.11542277432829615,0.463,NA
1,165,Tanh,1,0.198276644,0.217687372,UniformAdaptive,PM.5,0.802660504,2.61e-10,FALSE,TRUE,NA,0.06029151344142744,0.05971480713318572,0.323,NA
1,166,Tanh,3,0.168951848,0.272689048,Uniform,ZO,0.756840107,2.55e-10,FALSE,TRUE,NA,0.042409520523139385,0.04657441502051112,0.527,NA
1,167,Rectifier,3,0.005503013,0.112569951,Uniform,ZO,0.825875841,1.46e-10,FALSE,TRUE,NA,0.026233930547306973,0.029988418374761384,0.202,NA
1,168,Rectifier,2,0.093448038,0.076587087,Normal,PM.5,0.843869761,2.18e-10,TRUE,TRUE,NA,0.2077600200806214,0.20671655870837943,0.113,NA
1,169,Tanh,1,0.072723771,0.20457302,UniformAdaptive,PM1,0.835677808,2.06e-10,TRUE,TRUE,NA,0.2509898386475878,0.25543904412442786,0.375,NA
1,170,Tanh,1,0.00462694,0.156580324,Normal,ZO,0.844876508,2.84e-10,FALSE,TRUE,NA,0.06186879774497312,0.06395045770467596,0.452,NA
1,171,Tanh,1,0.044837485,0.014671196,Normal,ZO,0.81877988,1.64e-10,TRUE,TRUE,NA,0.06647134559355405,0.06490955871948084,0.446,NA
1,172,Tanh,3,0.079952387,0.012068965,UniformAdaptive,ZO,0.827138205,2.38e-10,FALSE,TRUE,NA,0.008789897045115989,0.012578051111508141,0.505,NA
1,173,Rectifier,1,0.068100521,0.038875435,Normal,PM.5,0.798526537,3.01e-10,TRUE,TRUE,NA,0.14075199762187446,0.1437093359188415,0.045,NA
1,174,Rectifier,1,0.007684752,0.019957259,Uniform,PM.5,0.782959769,2.28e-10,FALSE,TRUE,NA,0.14309630137076185,0.14175623422460024,0.074,NA
1,175,Rectifier,1,0.131798656,0.136321112,Uniform,PM1,0.840593653,3.31e-10,TRUE,TRUE,NA,0.5206268949308192,0.5532033839957335,0.157,NA
1,176,Tanh,2,0.112988754,0.142352108,Uniform,ZO,0.833235509,2.53e-10,TRUE,TRUE,NA,0.010676970436129569,0.014182833894688959,0.48,NA
1,177,Tanh,2,0.042121397,0.201408392,Uniform,PM1,0.811609284,2.44e-10,FALSE,TRUE,NA,0.03795505908985747,0.05213970235973675,0.489,NA
1,178,Rectifier,3,0.17047214,0.076969034,Normal,PM.5,0.787314768,2.89e-10,FALSE,TRUE,NA,0.1442774155269652,0.14612123254967535,0.17,NA
1,179,Tanh,2,0.20181987,0.117457832,Normal,ZO,0.823538907,2.34e-10,FALSE,TRUE,NA,0.059890781606729726,0.06118440247923215,0.377,NA
1,180,Rectifier,2,0.138495188,0.023302102,Uniform,PM.5,0.81503627,2.77e-10,TRUE,TRUE,NA,0.16446779249480373,0.17587401613010048,0.075,NA
1,181,Rectifier,2,0.143682313,0.091198372,Normal,ZO,0.801329163,2.24e-10,FALSE,TRUE,NA,0.08941482667455226,0.08764217614851254,0.261,NA
1,182,Rectifier,2,0.125335963,0.035700698,Uniform,PM1,0.837581743,3.58e-10,TRUE,TRUE,NA,0.5714109704502451,0.5631536787434622,0.1,NA
1,183,Rectifier,2,0.036549332,0.055247915,Uniform,ZO,0.845735454,3.19e-10,FALSE,TRUE,NA,0.20389064330115111,0.19146984119272276,0.045,NA
1,184,Tanh,3,0.028316522,0.031061953,Uniform,PM1,0.829608744,3.73e-10,TRUE,TRUE,NA,0.02676693669705901,0.03879158285098699,0.444,NA
1,185,Tanh,2,0.181339533,0.003490665,Normal,PM1,0.803875771,3.63e-10,FALSE,TRUE,NA,0.036803090756694405,0.046802554593265815,0.48,NA
1,186,Rectifier,2,0.003768874,0.07841787,Uniform,PM.5,0.794586814,4.01e-10,TRUE,TRUE,NA,0.15023568046124716,0.15224327078476715,0.074,NA
1,187,Tanh,2,0.109421986,0.073960553,UniformAdaptive,PM.5,0.773501207,3.37e-10,TRUE,TRUE,NA,0.00759239073821379,0.010801739317400144,0.453,NA
1,188,Tanh,2,0.068826227,0.171291965,UniformAdaptive,PM.5,0.844242396,3.61e-10,TRUE,TRUE,NA,0.009668130692205516,0.012840040904140175,0.368,NA
1,189,Tanh,1,0.050105576,0.122570563,UniformAdaptive,PM1,0.788374651,3.69e-10,TRUE,TRUE,NA,0.3252088034252682,0.3370452815356381,0.44,NA
1,190,Tanh,2,0.055525844,0.18566474,UniformAdaptive,ZO,0.804441455,3.83e-10,FALSE,TRUE,NA,0.012262317558096954,0.01520704565454653,0.328,NA
1,191,Rectifier,2,0.019807541,0.146968795,UniformAdaptive,PM.5,0.805011902,3.25e-10,TRUE,TRUE,NA,0.13477201745223463,0.14122195019746628,0.084,NA
1,192,Tanh,3,0.030868543,0.093515846,Normal,ZO,0.809886668,1.88e-10,TRUE,TRUE,NA,0.09335496116724895,0.09943043121751664,0.481,NA
1,193,Rectifier,3,0.268126628,0.004707163,UniformAdaptive,PM.5,0.776206236,1.76e-10,TRUE,TRUE,NA,0.15590300608584554,0.1643582507792187,0.099,NA
1,194,Tanh,1,0.337618312,0.041816382,Uniform,ZO,0.800311371,1.49e-10,TRUE,TRUE,NA,0.06396954047141531,0.07139366388315392,0.374,NA
1,195,Rectifier,3,0.326808592,0.067728713,Normal,PM.5,0.792277157,1.96e-10,FALSE,TRUE,NA,0.14994992928427878,0.15295799603687593,0.372,NA
1,196,Tanh,2,0.183745386,0.014004676,UniformAdaptive,ZO,0.780842849,7.3e-11,TRUE,TRUE,NA,0.019250397801850755,0.023050275887171255,0.473,NA
1,197,Rectifier,2,0.255977691,0.048298496,Normal,PM.5,0.766546679,1.09e-10,FALSE,TRUE,NA,0.14769806441156078,0.15271112903422504,0.086,NA
1,198,Rectifier,3,0.230508134,0.058171902,UniformAdaptive,ZO,0.791591637,8.23e-11,FALSE,TRUE,NA,0.07273299913553256,0.07836121636003163,0.248,NA
1,199,Rectifier,3,0.189608254,0.035402316,Normal,PM1,0.810223817,1.14e-10,FALSE,TRUE,NA,0.6577684267460844,0.6715924764129653,0.259,NA
1,200,Rectifier,2,0.306665123,0.120225317,UniformAdaptive,PM.5,0.841520263,1.55e-10,TRUE,TRUE,NA,0.13291770528435629,0.14102056342376676,0.087,NA
2,1,Rectifier,1,0.071610591,0.049719046,Uniform,PM.5,0.735845125,3.43e-10,TRUE,TRUE,NA,0.14944695433363467,0.13167925721944435,0.052,NA
2,2,Rectifier,1,0.019232317,0.017179239,Uniform,PM.5,0.723234995,2.73e-10,FALSE,TRUE,NA,0.13948511208295042,0.12319257736027966,0.234,NA
2,3,Tanh,3,0.04326823,0.112831847,Uniform,PM.5,0.750983297,3.09e-10,TRUE,TRUE,NA,0.006751305507771603,0.005934195164978674,0.343,NA
2,4,Tanh,2,0.091016357,0.005830334,Normal,PM1,0.765311227,3.91e-10,FALSE,TRUE,NA,0.03429746585846736,0.02986086149658692,0.513,NA
2,5,Rectifier,1,0.008320758,0.133043173,Uniform,PM1,0.757013746,3.86e-10,TRUE,TRUE,NA,0.5710357082210693,0.5277210011461658,0.087,NA
2,6,Tanh,1,0.121987776,0.089889653,UniformAdaptive,PM.5,0.724448362,3.64e-10,FALSE,TRUE,NA,0.05440198471852855,0.06960257690136416,0.417,NA
2,7,Rectifier,2,0.190956102,0.251376292,UniformAdaptive,PM.5,0.738092026,3.82e-10,TRUE,TRUE,NA,0.14565497934118446,0.1336888473487546,0.14,NA
2,8,Tanh,3,0.134386094,0.127235678,Normal,ZO,0.728718226,2.98e-10,TRUE,TRUE,NA,0.05237046524699025,0.0567396973943585,0.506,NA
2,9,Rectifier,1,0.209829633,0.146593417,Uniform,ZO,0.735658011,3.97e-10,FALSE,TRUE,NA,0.17873168079011598,0.175325087389054,0.043,NA
2,10,Tanh,3,0.11964957,0.23764315,Uniform,PM.5,0.763038145,3.29e-10,FALSE,TRUE,NA,0.007819695133646628,0.006758752592038774,0.369,NA
2,11,Tanh,1,0.108868387,0.210124135,UniformAdaptive,ZO,0.737542169,2.7e-10,TRUE,TRUE,NA,0.13444354067585007,0.12307708688252668,0.09,NA
2,12,Tanh,2,0.098906505,0.189818116,Normal,PM1,0.752751476,3.49e-10,TRUE,TRUE,NA,0.0524239331488324,0.0475877694793131,0.493,NA
2,13,Rectifier,3,0.026416222,0.19879797,Normal,PM1,0.72600004,3.22e-10,TRUE,TRUE,NA,0.5541876281176777,0.5202824641033168,0.194,NA
2,14,Tanh,1,0.04571026,0.24904325,Normal,ZO,0.769233991,2.9e-10,FALSE,TRUE,NA,0.063059419888715,0.07305109840986387,0.465,NA
2,15,Tanh,1,0.061620564,0.083317536,Normal,ZO,0.760305326,2.85e-10,FALSE,TRUE,NA,0.06342445932455974,0.07482800549380057,0.371,NA
2,16,Tanh,3,0.137972617,0.326778908,UniformAdaptive,ZO,0.802002623,3.77e-10,FALSE,TRUE,NA,0.019781232584152326,0.02123475089052302,0.421,NA
2,17,Rectifier,2,0.235369775,0.274960426,Normal,PM1,0.775104852,3.59e-10,TRUE,TRUE,NA,0.5698735972433686,0.4954065957514243,0.425,NA
2,18,Tanh,2,0.144379811,0.155760718,UniformAdaptive,ZO,0.763982601,3.75e-10,FALSE,TRUE,NA,0.05758468992116497,0.07266980671371874,0.435,NA
2,19,Rectifier,1,0.211341299,0.095379893,UniformAdaptive,ZO,0.794271306,3.32e-10,TRUE,TRUE,NA,0.05477231866142088,0.06493063804903078,0.237,NA
2,20,Rectifier,1,0.220496434,0.114664919,Uniform,PM.5,0.761685759,3.51e-10,TRUE,TRUE,NA,0.1336061219022405,0.12410819093481477,0.157,NA
2,21,Tanh,2,0.040827781,0.316036109,UniformAdaptive,PM1,0.742606733,2.19e-10,TRUE,TRUE,NA,0.07354330782878897,0.06846564602876772,0.51,NA
2,22,Rectifier,3,0.004821584,0.270421993,Normal,PM1,0.730116391,1.88e-10,TRUE,TRUE,NA,0.7433728212532179,0.5748275930517597,0.118,NA
2,23,Rectifier,3,0.129706341,0.337761488,UniformAdaptive,ZO,0.747851033,2.63e-10,FALSE,TRUE,NA,0.024281564690408902,0.023103317012271474,0.279,NA
2,24,Tanh,1,0.186751235,0.321177902,Normal,ZO,0.751464244,2.02e-10,TRUE,TRUE,NA,0.08696598811253703,0.09205571889295938,0.476,NA
2,25,Tanh,3,0.016061828,0.290039822,Uniform,ZO,0.763758809,2.08e-10,TRUE,TRUE,NA,0.029640007569889264,0.03121184608134882,0.504,NA
2,26,Tanh,1,0.057564943,0.328146621,UniformAdaptive,PM1,0.789357134,2.76e-10,FALSE,TRUE,NA,0.24253182316478158,0.2996334993501307,0.363,NA
2,27,Rectifier,3,0.114965582,0.296562774,UniformAdaptive,ZO,0.777511658,3.07e-10,FALSE,TRUE,NA,0.03450377062787566,0.03856911500694676,0.437,NA
2,28,Tanh,1,0.021410396,0.268111457,Uniform,PM.5,0.781986403,3.96e-10,FALSE,TRUE,NA,0.057718818228722976,0.07108758545753596,0.205,NA
2,29,Rectifier,2,0.005924887,0.319464341,UniformAdaptive,ZO,0.792071191,3.61e-10,FALSE,TRUE,NA,0.09724884288529041,0.10462439116716316,0.103,NA
2,30,Rectifier,2,0.124490195,0.287295187,UniformAdaptive,PM.5,0.755535016,3.99e-10,TRUE,TRUE,NA,0.15086515569151202,0.13542111941239307,0.203,NA
2,31,Tanh,1,0.153559468,0.281430304,Uniform,PM1,0.733666632,3.17e-10,FALSE,TRUE,NA,0.2463524003653809,0.31197226080667856,0.417,NA
2,32,Tanh,1,0.051031222,0.308781757,Normal,PM.5,0.728503567,3.94e-10,TRUE,TRUE,NA,0.15990352236270275,0.17498784584843538,0.066,NA
2,33,Rectifier,1,0.322207519,0.052987026,UniformAdaptive,PM1,0.815340948,3.68e-10,TRUE,TRUE,NA,0.5843017299546756,0.5117263836819609,0.181,NA
2,34,Rectifier,2,0.300180442,0.015705225,Normal,ZO,0.778793281,3.54e-10,TRUE,TRUE,NA,0.14854132541217127,0.16637978742311638,0.115,NA
2,35,Tanh,3,0.254635362,0.101488474,Normal,PM1,0.790585492,2.67e-10,FALSE,TRUE,NA,0.030643898166889363,0.026973634058839194,0.519,NA
2,36,Tanh,1,0.338927628,0.072668825,Uniform,PM1,0.767297638,2.7e-10,FALSE,TRUE,NA,0.25564414573790173,0.33453191563192636,0.444,NA
2,37,Rectifier,1,0.216805201,0.036757066,Normal,ZO,0.770082689,3.15e-10,TRUE,TRUE,NA,0.15501340903683186,0.11873257095077605,0.052,NA
2,38,Rectifier,1,0.157220239,0.01088052,Normal,ZO,0.74674807,3.36e-10,TRUE,TRUE,NA,0.0834347485594283,0.07228650357048876,0.221,NA
2,39,Rectifier,2,0.233369007,0.064011139,Uniform,ZO,0.731696012,3.27e-10,TRUE,TRUE,NA,0.09309901527103395,0.10911962402962708,0.106,NA
2,40,Tanh,2,0.261271864,0.089347677,Uniform,PM.5,0.777267527,3.78e-10,TRUE,TRUE,NA,0.007714336791077102,0.006581871573181677,0.451,NA
2,41,Tanh,3,0.308381563,0.150620519,UniformAdaptive,PM.5,0.754669029,3.57e-10,FALSE,TRUE,NA,0.009165959374278467,0.006965991678415553,0.311,NA
2,42,Rectifier,3,0.277223577,0.12490238,UniformAdaptive,PM1,0.745478574,4.02e-10,FALSE,TRUE,NA,0.5628033406768538,0.49233674960853574,0.078,NA
2,43,Rectifier,2,0.2709629,0.168038681,Normal,ZO,0.741709076,3.08e-10,TRUE,TRUE,NA,0.058081231125538986,0.06752325402892531,0.21,NA
2,44,Rectifier,2,0.314499366,0.009704618,UniformAdaptive,ZO,0.723769647,3.99e-10,FALSE,TRUE,NA,0.08993914991455781,0.10327402068789567,0.098,NA
2,45,Rectifier,2,0.279495886,0.033949269,Uniform,ZO,0.734742532,2.86e-10,TRUE,TRUE,NA,0.025719135743038052,0.03172010439904142,0.446,NA
2,46,Tanh,2,0.21807274200000001,0.161463052,Normal,PM1,0.832163196,3.92e-10,FALSE,TRUE,NA,0.04337199120844642,0.038548668595758714,0.479,NA
2,47,Tanh,2,0.203805526,0.071904018,Normal,PM1,0.842329982,3.81e-10,FALSE,TRUE,NA,0.03227574386930478,0.025854917496127696,0.516,NA
2,48,Rectifier,2,0.246114197,0.084285427,Normal,PM.5,0.81145047,2.95e-10,FALSE,TRUE,NA,0.17717077106184645,0.174509111927743,0.117,NA
2,49,Rectifier,1,0.162150462,0.046056138,Normal,PM1,0.824924821,3.9e-10,TRUE,TRUE,NA,0.5823703033278611,0.5180422037819127,0.173,NA
2,50,Rectifier,3,0.272569602,0.109850039,UniformAdaptive,PM1,0.846383539,2.59e-10,FALSE,TRUE,NA,0.5562756642019521,0.5226677447354952,0.085,NA
2,51,Rectifier,2,0.295565408,0.028686867,Uniform,PM.5,0.845006946,2.06e-10,TRUE,TRUE,NA,0.15044686456487244,0.13469476447051107,0.118,NA
2,52,Rectifier,3,0.330219491,0.008827969,Uniform,PM1,0.809719416,2.42e-10,TRUE,TRUE,NA,0.5242598544341476,0.44787628165386595,0.313,NA
2,53,Tanh,2,0.304398691,0.075446084,Uniform,PM1,0.829286173,3.22e-10,TRUE,TRUE,NA,0.03966674105336039,0.034436122026928244,0.479,NA
2,54,Tanh,3,0.296139428,0.322350395,Uniform,PM1,0.763611983,3.89e-10,FALSE,TRUE,NA,0.08133230916269323,0.08013143256088565,0.496,NA
2,55,Tanh,3,0.328424359,0.329623445,Normal,ZO,0.729166447,3.3e-10,FALSE,TRUE,NA,0.08824903629012927,0.07927219846815367,0.381,NA
2,56,Rectifier,1,0.251747639,0.278292888,Uniform,ZO,0.723629156,2.76e-10,TRUE,TRUE,NA,0.2267668747570471,0.17471346486924647,0.063,NA
2,57,Rectifier,2,0.306210365,0.259856701,Uniform,ZO,0.772255652,2.48e-10,FALSE,TRUE,NA,0.1110435463071728,0.10495319494626998,0.119,NA
2,58,Tanh,2,0.197309295,0.306804948,Normal,PM1,0.769486227,3.48e-10,FALSE,TRUE,NA,0.09160589279756387,0.10954617293220642,0.463,NA
2,59,Rectifier,2,0.267598535,0.224759702,UniformAdaptive,ZO,0.730706796,3.71e-10,FALSE,TRUE,NA,0.07531496209665929,0.08522898419958845,0.174,NA
2,60,Tanh,2,0.333845217,0.216242529,Normal,PM1,0.744129847,2.88e-10,TRUE,TRUE,NA,0.10567951403141886,0.11877376164625988,0.497,NA
2,61,Rectifier,1,0.325196842,0.126121472,UniformAdaptive,PM1,0.782130031,3.29e-10,FALSE,TRUE,NA,0.6076528402480671,0.5477553714922003,0.102,NA
2,62,Tanh,1,0.283626193,0.191460016,Normal,PM.5,0.772832811,3.34e-10,FALSE,TRUE,NA,0.07448648135413925,0.06011879485297386,0.429,NA
2,63,Tanh,1,0.297062246,0.20188893,UniformAdaptive,PM1,0.793182978,2.77e-10,TRUE,TRUE,NA,0.22312026012630867,0.2774735883572378,0.436,NA
2,64,Tanh,2,0.315264324,0.18431573,UniformAdaptive,PM.5,0.761489151,2.25e-10,FALSE,TRUE,NA,0.03153758556947148,0.03872837319595188,0.487,NA
2,65,Rectifier,3,0.287412271,0.145350442,Normal,PM1,0.817990466,3.03e-10,TRUE,TRUE,NA,0.5842422170218815,0.49259775559996166,0.233,NA
2,66,Tanh,3,0.250243136,0.197388629,Normal,PM.5,0.755826766,1.96e-10,FALSE,TRUE,NA,0.01096350241299265,0.009486285714727021,0.526,NA
2,67,Tanh,2,0.210673984,0.223639906,Uniform,PM1,0.765733458,2.82e-10,FALSE,TRUE,NA,0.044513711380991486,0.039363162605671416,0.483,NA
2,68,Rectifier,2,0.241811422,0.132386072,Normal,PM1,0.771504427,2.28e-10,TRUE,TRUE,NA,0.7375417032115791,0.5984446938320372,0.279,NA
2,69,Tanh,3,0.293243564,0.159062774,Normal,PM.5,0.725622444,2.53e-10,TRUE,TRUE,NA,0.045145361149153754,0.046947792208952746,0.51,NA
2,70,Rectifier,3,0.214975547,0.284495125,UniformAdaptive,PM1,0.804867807,8.5e-11,TRUE,TRUE,NA,0.5729778582519881,0.4937497840789369,0.216,NA
2,71,Rectifier,1,0.246674383,0.235390901,Normal,ZO,0.768205425,7.52e-11,TRUE,TRUE,NA,0.27897727911884374,0.2421218420164654,0.079,NA
2,72,Rectifier,1,0.280264738,0.212185917,Uniform,PM.5,0.779517395,1.16e-10,TRUE,TRUE,NA,0.16375578006226896,0.13653917148925668,0.104,NA
2,73,Tanh,3,0.25718093400000003,0.244640403,UniformAdaptive,PM.5,0.81372085,1.53e-10,TRUE,TRUE,NA,0.008502553389379436,0.008055598832354108,0.508,NA
2,74,Rectifier,3,0.305670405,0.322841679,Uniform,ZO,0.811972994,1.07e-10,FALSE,TRUE,NA,0.13243562564738698,0.12475766787744651,0.168,NA
2,75,Rectifier,2,0.269814291,0.335708204,UniformAdaptive,PM.5,0.836101297,1.01e-10,FALSE,TRUE,NA,0.15086515569151202,0.13542111941239307,0.124,NA
2,76,Rectifier,1,0.243798009,0.309166041,Uniform,PM.5,0.840121957,1.73e-10,FALSE,TRUE,NA,0.13880276386350227,0.11628565012818377,0.069,NA
2,77,Rectifier,1,0.262782473,0.302477063,UniformAdaptive,PM.5,0.759296029,1.32e-10,FALSE,TRUE,NA,0.1391217311800161,0.1280152709814245,0.221,NA
2,78,Tanh,3,0.33571367,0.266266555,Uniform,PM1,0.732181252,1.12e-10,TRUE,TRUE,NA,0.05360670026291109,0.051168304165513614,0.498,NA
2,79,Tanh,2,0.286877386,0.243089932,Normal,PM.5,0.739635265,1.84e-10,FALSE,TRUE,NA,0.05000454385218428,0.05843991361934685,0.511,NA
2,80,Tanh,2,0.217228794,0.333332518,Uniform,PM.5,0.737813339,2.3e-10,FALSE,TRUE,NA,0.015089174149157284,0.0141665033283646,0.408,NA
2,81,Rectifier,1,0.272373258,0.277399333,Uniform,PM.5,0.781740699,1.89e-10,FALSE,TRUE,NA,0.15086515569151202,0.13542111941239307,0.05,NA
2,82,Rectifier,3,0.207412345,0.193604154,Uniform,PM1,0.727369236,1.21e-10,FALSE,TRUE,NA,0.4865454957852437,0.4258813534000404,0.172,NA
2,83,Tanh,3,0.195239182,0.152114499,UniformAdaptive,PM1,0.746465818,1.75e-10,TRUE,TRUE,NA,0.029023568550215057,0.02415052524588572,0.557,NA
2,84,Rectifier,1,0.299882101,0.229806681,Uniform,ZO,0.747571682,9.08e-11,FALSE,TRUE,NA,0.13781619302122283,0.1333586054754274,0.079,NA
2,85,Tanh,3,0.316402,0.102848716,UniformAdaptive,PM1,0.729829941,1.68e-10,FALSE,TRUE,NA,0.03286176709482611,0.029699499190529798,0.511,NA
2,86,Tanh,3,0.313927439,0.158449981,Uniform,ZO,0.775771737,1.38e-10,TRUE,TRUE,NA,0.0576471586605482,0.06854869477800357,0.406,NA
2,87,Tanh,3,0.30919751,0.087985468,Uniform,ZO,0.751388792,1.18e-10,FALSE,TRUE,NA,0.01811518729444687,0.019185247619574314,0.496,NA
2,88,Tanh,3,0.19807148,0.102631475,UniformAdaptive,ZO,0.753927922,8.08e-11,TRUE,TRUE,NA,0.015646733694603846,0.014974555904497307,0.542,NA
2,89,Tanh,2,0.238609608,0.003218733,Uniform,ZO,0.725426111,1.03e-10,TRUE,TRUE,NA,0.015773160441770934,0.016102149637673414,0.472,NA
2,90,Rectifier,3,0.252039164,0.121571952,Normal,PM1,0.741261107,1.4e-10,FALSE,TRUE,NA,0.5355974805813393,0.48262863321543686,0.36,NA
2,91,Rectifier,3,0.318700553,0.026943386,Normal,ZO,0.757831737,9.31e-11,TRUE,TRUE,NA,0.15325070933423232,0.18042542051060365,0.401,NA
2,92,Rectifier,3,0.224316756,0.022441269,Normal,PM.5,0.750185382,2.51e-10,TRUE,TRUE,NA,0.14460000744281068,0.12810751622617175,0.097,NA
2,93,Rectifier,3,0.323857638,0.018026943,UniformAdaptive,PM1,0.73304997,1.91e-10,FALSE,TRUE,NA,0.592205041747931,0.5259070366778078,0.118,NA
2,94,Tanh,1,0.092985675,0.217195412,Uniform,ZO,0.724687592,1.63e-10,FALSE,TRUE,NA,0.0619907201203735,0.07879223668111193,0.402,NA
2,95,Tanh,1,0.09700967,0.290767498,Uniform,PM1,0.73478631,8.94e-11,TRUE,TRUE,NA,0.3546735453197049,0.2975825363777808,0.345,NA
2,96,Tanh,3,0.166750119,0.334645368,Normal,ZO,0.773192955,1.28e-10,TRUE,TRUE,NA,0.046628235995709096,0.053957304136269243,0.497,NA
2,97,Tanh,3,0.076953423,0.263804169,Normal,PM.5,0.748144571,1.7e-10,FALSE,TRUE,NA,0.00975809767289022,0.009516127202575374,0.488,NA
2,98,Tanh,2,0.007195482,0.328689778,Uniform,PM.5,0.744331563,1.11e-10,FALSE,TRUE,NA,0.02391012299463139,0.0231176005830976,0.491,NA
2,99,Rectifier,1,0.030262817,0.239502971,UniformAdaptive,PM1,0.758681665,1.21e-10,TRUE,TRUE,NA,0.5592754534150309,0.5248923121367108,0.08,NA
2,100,Rectifier,1,0.070456369,0.293034807,Normal,ZO,0.770068883,1.48e-10,TRUE,TRUE,NA,0.23806208627056585,0.14672987910741456,0.108,NA
2,101,Tanh,2,0.023827485,0.081320089,Uniform,PM1,0.740988204,2.31e-10,TRUE,TRUE,NA,0.030938998065141728,0.026850630436342268,0.503,NA
2,102,Tanh,1,0.037788492,0.136879671,UniformAdaptive,ZO,0.732951677,1.55e-10,FALSE,TRUE,NA,0.06563021676217742,0.07315814542740733,0.235,NA
2,103,Rectifier,3,0.15054138,0.114132602,UniformAdaptive,PM.5,0.736683654,9.98e-11,FALSE,TRUE,NA,0.14764257773898162,0.13117872295510324,0.074,NA
2,104,Tanh,1,0.022001128,0.18040963,Uniform,PM1,0.745316199,7.56e-11,FALSE,TRUE,NA,0.31224085855139094,0.31563842946304804,0.477,NA
2,105,Rectifier,2,0.085763113,0.140146068,UniformAdaptive,PM1,0.750054709,8.69e-11,FALSE,TRUE,NA,0.5858579885097057,0.5128517825964678,0.31,NA
2,106,Tanh,1,0.051390811,0.029900279,UniformAdaptive,ZO,0.738599904,1.38e-10,TRUE,TRUE,NA,0.13758987889175792,0.14241558323817696,0.126,NA
2,107,Tanh,3,0.078464449,0.14581472,Uniform,PM.5,0.768858964,2.19e-10,TRUE,TRUE,NA,0.00786704925126421,0.006648687525394595,0.354,NA
2,108,Rectifier,3,0.012585897,0.160712532,UniformAdaptive,PM.5,0.790260552,9.11e-11,FALSE,TRUE,NA,0.15189801289994326,0.13630884368601626,0.132,NA
2,109,Rectifier,2,0.077988378,0.060835595,UniformAdaptive,ZO,0.784021651,1.11e-10,TRUE,TRUE,NA,0.08205696873597712,0.09099020790982361,0.183,NA
2,110,Tanh,1,0.047735845,0.117941275,UniformAdaptive,ZO,0.807281954,7.72e-11,TRUE,TRUE,NA,0.10456553489949243,0.10048712125263,0.163,NA
2,111,Tanh,3,0.123487848,0.174436401,Uniform,PM.5,0.769599435,9.7e-11,TRUE,TRUE,NA,0.011183404397854603,0.010264936019299465,0.502,NA
2,112,Tanh,2,0.128584183,0.153930977,Uniform,PM1,0.796744854,1.3e-10,FALSE,TRUE,NA,0.056587312530000836,0.05492402982492176,0.502,NA
2,113,Rectifier,3,0.234042101,0.164192177,Normal,ZO,0.808371641,1.79e-10,TRUE,TRUE,NA,0.1183338243601642,0.12486705577018156,0.233,NA
2,114,Tanh,2,0.177951307,0.095634602,UniformAdaptive,PM1,0.726258956,2.13e-10,TRUE,TRUE,NA,0.05918762317462068,0.06193058771751295,0.484,NA
2,115,Rectifier,1,0.097445127,0.120005724,UniformAdaptive,PM1,0.757621197,1.8e-10,FALSE,TRUE,NA,0.5524778604598883,0.5244860651454446,0.314,NA
2,116,Rectifier,3,0.163531544,0.065103955,UniformAdaptive,PM1,0.768730824,1.64e-10,FALSE,TRUE,NA,0.48360420847550445,0.44047375245223735,0.195,NA
2,117,Rectifier,3,0.156944267,0.138050799,Uniform,PM.5,0.778973178,2.43e-10,TRUE,TRUE,NA,0.13022171875526664,0.1204466229804902,0.146,NA
2,118,Rectifier,1,0.100986271,0.0260673,UniformAdaptive,PM1,0.727187911,2.25e-10,FALSE,TRUE,NA,0.5533017591331232,0.4954799914485054,0.042,NA
2,119,Tanh,2,0.114011347,0.045238874,UniformAdaptive,PM.5,0.744485668,2.41e-10,FALSE,TRUE,NA,0.05283543766686065,0.0594007589468211,0.203,NA
2,120,Tanh,3,0.11943753,0.030760631,Normal,PM.5,0.788025239,2e-10,TRUE,TRUE,NA,0.006983407495146462,0.005559252665178715,0.491,NA
2,121,Tanh,3,0.062831297,0.002688875,Uniform,PM.5,0.749307558,2.1e-10,TRUE,TRUE,NA,0.006321646026083676,0.00546846975567597,0.496,NA
2,122,Tanh,2,0.084572924,0.324154993,Normal,ZO,0.842527253,3.35e-10,TRUE,TRUE,NA,0.12193516089944603,0.09229890877609903,0.103,NA
2,123,Rectifier,2,0.121593658,0.335220696,Normal,PM.5,0.813482758,3.24e-10,FALSE,TRUE,NA,0.15419836975441245,0.13542111941239307,0.102,NA
2,124,Rectifier,3,0.088853192,0.256790583,Uniform,PM1,0.805994939,3.15e-10,TRUE,TRUE,NA,0.5493651970754209,0.5089162776202637,0.195,NA
2,125,Tanh,1,0.015096976,0.244003413,Normal,PM.5,0.834316748,3.4e-10,FALSE,TRUE,NA,0.05823881677289996,0.0736011650782402,0.409,NA
2,126,Rectifier,2,0.205528828,0.329448992,UniformAdaptive,PM1,0.830201236,2.91e-10,TRUE,TRUE,NA,0.5456818819046979,0.5023721178153017,0.247,NA
2,127,Rectifier,1,0.225094209,0.241835164,Normal,PM1,0.843611163,2.97e-10,FALSE,TRUE,NA,0.5529035405775887,0.5220672914104778,0.228,NA
2,128,Rectifier,2,0.20308236,0.271581902,Normal,ZO,0.816965093,3.37e-10,FALSE,TRUE,NA,0.13891513658767976,0.12104413286890454,0.124,NA
2,129,Tanh,2,0.17408965,0.214628042,Normal,PM1,0.812520747,3.56e-10,FALSE,TRUE,NA,0.10382877527475352,0.11991814812462913,0.492,NA
2,130,Rectifier,1,0.332101627,0.326067488,Uniform,PM.5,0.78661091,1.78e-10,FALSE,TRUE,NA,0.14943018481520723,0.1333904706679056,0.127,NA
2,131,Rectifier,2,0.237361217,0.337419269,UniformAdaptive,PM.5,0.784533753,3.05e-10,TRUE,TRUE,NA,0.14613842059791968,0.1337039722864037,0.066,NA
2,132,Tanh,3,0.313411555,0.279816414,Uniform,ZO,0.82287884,2.94e-10,FALSE,TRUE,NA,0.022529760175304933,0.024092446509714215,0.452,NA
2,133,Rectifier,1,0.281249253,0.300353698,Normal,PM1,0.825729292,2.17e-10,FALSE,TRUE,NA,0.5641606848165467,0.5336043978787675,0.086,NA
2,134,Tanh,1,0.236111806,0.195267553,Uniform,PM1,0.821518499,2.71e-10,FALSE,TRUE,NA,0.31081878242035776,0.2371097603719936,0.329,NA
2,135,Tanh,3,0.228971887,0.208716041,Uniform,PM1,0.806193512,3.95e-10,FALSE,TRUE,NA,0.03722526391577645,0.03177278361971326,0.528,NA
2,136,Tanh,1,0.317636807,0.174263134,UniformAdaptive,PM.5,0.835966102,3.46e-10,FALSE,TRUE,NA,0.05475015130514212,0.06738170949026158,0.191,NA
2,137,Rectifier,2,0.335125725,0.18321793,Uniform,PM1,0.819102969,3.73e-10,TRUE,TRUE,NA,0.5884356607356876,0.5181533246228288,0.072,NA
2,138,Rectifier,1,0.337415183,0.2611769,Normal,PM.5,0.785881571,3.86e-10,TRUE,TRUE,NA,0.15378341373006152,0.1341202392057635,0.09,NA
2,139,Tanh,1,0.291354059,0.281709352,UniformAdaptive,ZO,0.845292749,3.77e-10,FALSE,TRUE,NA,0.060188435402232794,0.07339526056640959,0.31,NA
2,140,Tanh,2,0.26385223,0.330794628,UniformAdaptive,PM1,0.809140225,4.03e-10,TRUE,TRUE,NA,0.05949142043660864,0.05658645954214616,0.497,NA
2,141,Rectifier,3,0.288622071,0.315175903,UniformAdaptive,PM.5,0.797550102,3.16e-10,FALSE,TRUE,NA,0.15105470239992763,0.135418156069557,0.081,NA
2,142,Rectifier,3,0.184620706,0.197080773,Normal,ZO,0.827589594,8.9e-11,TRUE,TRUE,NA,0.09731134656136123,0.08636966466235477,0.149,NA
2,143,Tanh,3,0.217657283,0.259310658,UniformAdaptive,PM1,0.846823623,1.35e-10,FALSE,TRUE,NA,0.03611110764729404,0.03143627387334602,0.524,NA
2,144,Rectifier,1,0.115541196,0.198571968,UniformAdaptive,ZO,0.842200689,1.44e-10,FALSE,TRUE,NA,0.06728670029053792,0.0794169168143086,0.246,NA
2,145,Tanh,3,0.053281516,0.217947508,UniformAdaptive,ZO,0.845345087,9.82e-11,TRUE,TRUE,NA,0.016093566024252076,0.015299661422932634,0.481,NA
2,146,Rectifier,3,0.135402742,0.241071989,Normal,PM1,0.832618953,1.6e-10,TRUE,TRUE,NA,0.5504833375080717,0.5214985563889938,0.32,NA
2,147,Rectifier,3,0.017818591,0.191076907,Normal,PM.5,0.816205793,1.69e-10,FALSE,TRUE,NA,0.17790885141236984,0.14626723806861502,0.114,NA
2,148,Rectifier,1,0.110793503,0.288033965,Uniform,PM.5,0.828218117,1.13e-10,TRUE,TRUE,NA,0.17916325935617716,0.14331254095924587,0.042,NA
2,149,Rectifier,2,0.240859882,0.253843303,Uniform,ZO,0.824050096,8.01e-11,FALSE,TRUE,NA,0.12432331051665604,0.12911506793445027,0.204,NA
2,150,Rectifier,3,0.148372558,0.311506257,UniformAdaptive,PM.5,0.788735384,9.29e-11,FALSE,TRUE,NA,0.15038992028492068,0.13527654802183478,0.087,NA
2,151,Rectifier,2,0.07362335,0.24134645,UniformAdaptive,ZO,0.797929361,9.41e-11,TRUE,TRUE,NA,0.049835601082230896,0.056203183827342726,0.352,NA
2,152,Rectifier,2,0.067763761,0.265771422,Uniform,PM1,0.82449173,2.65e-10,FALSE,TRUE,NA,0.5811290005598417,0.5213727577828888,0.143,NA
2,153,Tanh,1,0.002527009,0.276205873,Uniform,ZO,0.836434792,1.24e-10,TRUE,TRUE,NA,0.13366487907058777,0.14367578842771497,0.093,NA
2,154,Rectifier,1,0.032249856,0.33796355300000003,Normal,PM1,0.843441309,1.79e-10,FALSE,TRUE,NA,0.5325034076284241,0.4430892690503646,0.355,NA
2,155,Rectifier,1,0.086925124,0.180833119,Normal,ZO,0.793719628,2.34e-10,FALSE,TRUE,NA,0.12645185888950627,0.14163921560818793,0.083,NA
2,156,Tanh,1,0.065531122,0.245152467,UniformAdaptive,PM.5,0.78109644600000006,2.02e-10,TRUE,TRUE,NA,0.05852159423265993,0.07512922415291406,0.256,NA
2,157,Rectifier,2,0.102522635,0.227469494,Uniform,PM1,0.791159629,1.86e-10,FALSE,TRUE,NA,0.7497945022035962,0.572669259278947,0.057,NA
2,158,Tanh,1,0.151750836,0.255080859,UniformAdaptive,PM.5,0.76044548,1.56e-10,TRUE,TRUE,NA,0.057134630403519675,0.07090201744291649,0.42,NA
2,159,Tanh,1,0.003141959,0.302350366,UniformAdaptive,PM1,0.805473688,2.4e-10,TRUE,TRUE,NA,0.34267699807267815,0.31380068526264815,0.154,NA
2,160,Tanh,1,0.023371615,0.309528844,Normal,PM.5,0.800563291,1.42e-10,TRUE,TRUE,NA,0.0766905932355673,0.07127090169934831,0.252,NA
2,161,Tanh,2,0.159012087,0.292579836,UniformAdaptive,ZO,0.81613569,2.49e-10,TRUE,TRUE,NA,0.01857352407365377,0.018632970008576655,0.443,NA
2,162,Tanh,3,0.099524957,0.307929384,Uniform,PM.5,0.810724101,2.84e-10,TRUE,TRUE,NA,0.010248658373770446,0.00908000026582502,0.413,NA
2,163,Tanh,3,0.181783027,0.304342626,UniformAdaptive,PM.5,0.79292991,1.7e-10,TRUE,TRUE,NA,0.01266016998626451,0.011796417714423489,0.363,NA
2,164,Tanh,2,0.19123417,0.31446413,Normal,PM.5,0.837400097,2.22e-10,TRUE,TRUE,NA,0.0538496844112263,0.0661503493994065,0.457,NA
2,165,Tanh,1,0.198276644,0.217687372,UniformAdaptive,PM.5,0.802660504,2.61e-10,FALSE,TRUE,NA,0.055967252668846654,0.07055486344150089,0.319,NA
2,166,Tanh,3,0.168951848,0.272689048,Uniform,ZO,0.756840107,2.55e-10,FALSE,TRUE,NA,0.022809994020702332,0.025253295171630816,0.511,NA
2,167,Rectifier,3,0.005503013,0.112569951,Uniform,ZO,0.825875841,1.46e-10,FALSE,TRUE,NA,0.011158238384886452,0.011968206854745906,0.453,NA
2,168,Rectifier,2,0.093448038,0.076587087,Normal,PM.5,0.843869761,2.18e-10,TRUE,TRUE,NA,0.15054546415118852,0.13293580059452573,0.067,NA
2,169,Tanh,1,0.072723771,0.20457302,UniformAdaptive,PM1,0.835677808,2.06e-10,TRUE,TRUE,NA,0.36270709052300787,0.2854258937094262,0.163,NA
2,170,Tanh,1,0.00462694,0.156580324,Normal,ZO,0.844876508,2.84e-10,FALSE,TRUE,NA,0.13638859709562634,0.13843076787993827,0.089,NA
2,171,Tanh,1,0.044837485,0.014671196,Normal,ZO,0.81877988,1.64e-10,TRUE,TRUE,NA,0.09740925650964795,0.09980476925358217,0.248,NA
2,172,Tanh,3,0.079952387,0.012068965,UniformAdaptive,ZO,0.827138205,2.38e-10,FALSE,TRUE,NA,0.008517818363726051,0.00685626484941943,0.327,NA
2,173,Rectifier,1,0.068100521,0.038875435,Normal,PM.5,0.798526537,3.01e-10,TRUE,TRUE,NA,0.14855853540477426,0.12986561814473832,0.063,NA
2,174,Rectifier,1,0.007684752,0.019957259,Uniform,PM.5,0.782959769,2.28e-10,FALSE,TRUE,NA,0.15135652319840776,0.13600911280584457,0.061,NA
2,175,Rectifier,1,0.131798656,0.136321112,Uniform,PM1,0.840593653,3.31e-10,TRUE,TRUE,NA,0.6014649093315612,0.5391453439960235,0.061,NA
2,176,Tanh,2,0.112988754,0.142352108,Uniform,ZO,0.833235509,2.53e-10,TRUE,TRUE,NA,0.021509445361912783,0.025035642565867856,0.475,NA
2,177,Tanh,2,0.042121397,0.201408392,Uniform,PM1,0.811609284,2.44e-10,FALSE,TRUE,NA,0.040567015499134836,0.03609589478113771,0.469,NA
2,178,Rectifier,3,0.17047214,0.076969034,Normal,PM.5,0.787314768,2.89e-10,FALSE,TRUE,NA,0.13929335153521905,0.12694492762097404,0.193,NA
2,179,Tanh,2,0.20181987,0.117457832,Normal,ZO,0.823538907,2.34e-10,FALSE,TRUE,NA,0.05624921004907452,0.07251381109930621,0.472,NA
2,180,Rectifier,2,0.138495188,0.023302102,Uniform,PM.5,0.81503627,2.77e-10,TRUE,TRUE,NA,0.13314176856791465,0.12408406985391753,0.089,NA
2,181,Rectifier,2,0.143682313,0.091198372,Normal,ZO,0.801329163,2.24e-10,FALSE,TRUE,NA,0.08563956807914574,0.09848089124583388,0.154,NA
2,182,Rectifier,2,0.125335963,0.035700698,Uniform,PM1,0.837581743,3.58e-10,TRUE,TRUE,NA,0.6034606227660481,0.5416844776495723,0.08,NA
2,183,Rectifier,2,0.036549332,0.055247915,Uniform,ZO,0.845735454,3.19e-10,FALSE,TRUE,NA,0.01646647931827442,0.017870488059966633,0.43,NA
2,184,Tanh,3,0.028316522,0.031061953,Uniform,PM1,0.829608744,3.73e-10,TRUE,TRUE,NA,0.018321583132635575,0.01334551972950219,0.509,NA
2,185,Tanh,2,0.181339533,0.003490665,Normal,PM1,0.803875771,3.63e-10,FALSE,TRUE,NA,0.04593415326738582,0.044651119787572156,0.456,NA
2,186,Rectifier,2,0.003768874,0.07841787,Uniform,PM.5,0.794586814,4.01e-10,TRUE,TRUE,NA,0.13678477308062953,0.1279257397399192,0.148,NA
2,187,Tanh,2,0.109421986,0.073960553,UniformAdaptive,PM.5,0.773501207,3.37e-10,TRUE,TRUE,NA,0.007021000386100076,0.005777308695522805,0.473,NA
2,188,Tanh,2,0.068826227,0.171291965,UniformAdaptive,PM.5,0.844242396,3.61e-10,TRUE,TRUE,NA,0.0090178421557934,0.008058678424202844,0.241,NA
2,189,Tanh,1,0.050105576,0.122570563,UniformAdaptive,PM1,0.788374651,3.69e-10,TRUE,TRUE,NA,0.18546705481034456,0.19038222361539153,0.347,NA
2,190,Tanh,2,0.055525844,0.18566474,UniformAdaptive,ZO,0.804441455,3.83e-10,FALSE,TRUE,NA,0.013203188976484618,0.012386908329894076,0.448,NA
2,191,Rectifier,2,0.019807541,0.146968795,UniformAdaptive,PM.5,0.805011902,3.25e-10,TRUE,TRUE,NA,0.14728376463917028,0.13099375267153696,0.091,NA
2,192,Tanh,3,0.030868543,0.093515846,Normal,ZO,0.809886668,1.88e-10,TRUE,TRUE,NA,0.0702448534848925,0.06869925589482156,0.348,NA
2,193,Rectifier,3,0.268126628,0.004707163,UniformAdaptive,PM.5,0.776206236,1.76e-10,TRUE,TRUE,NA,0.14889498661652364,0.13360895216769256,0.138,NA
2,194,Tanh,1,0.337618312,0.041816382,Uniform,ZO,0.800311371,1.49e-10,TRUE,TRUE,NA,0.06039723648102205,0.06887541530703656,0.366,NA
2,195,Rectifier,3,0.326808592,0.067728713,Normal,PM.5,0.792277157,1.96e-10,FALSE,TRUE,NA,0.14053257674540318,0.13067054242346102,0.263,NA
2,196,Tanh,2,0.183745386,0.014004676,UniformAdaptive,ZO,0.780842849,7.3e-11,TRUE,TRUE,NA,0.05045797475429241,0.06358310069123674,0.516,NA
2,197,Rectifier,2,0.255977691,0.048298496,Normal,PM.5,0.766546679,1.09e-10,FALSE,TRUE,NA,0.1501806655714728,0.1352292968147546,0.089,NA
2,198,Rectifier,3,0.230508134,0.058171902,UniformAdaptive,ZO,0.791591637,8.23e-11,FALSE,TRUE,NA,0.03356688225303902,0.03907327129897843,0.447,NA
2,199,Rectifier,3,0.189608254,0.035402316,Normal,PM1,0.810223817,1.14e-10,FALSE,TRUE,NA,0.6161506550362086,0.524536806271323,0.47,NA
2,200,Rectifier,2,0.306665123,0.120225317,UniformAdaptive,PM.5,0.841520263,1.55e-10,TRUE,TRUE,NA,0.14325521481498066,0.12260211470885493,0.044,NA
3,1,Rectifier,1,0.071610591,0.049719046,Uniform,PM.5,0.735845125,3.43e-10,TRUE,TRUE,NA,0.15196496681185626,0.15977510209882181,0.046,NA
3,2,Rectifier,1,0.019232317,0.017179239,Uniform,PM.5,0.723234995,2.73e-10,FALSE,TRUE,NA,0.168906983489163,0.17449231851826894,0.052,NA
3,3,Tanh,3,0.04326823,0.112831847,Uniform,PM.5,0.750983297,3.09e-10,TRUE,TRUE,NA,0.006290612150023112,0.008245076989551918,0.506,NA
3,4,Tanh,2,0.091016357,0.005830334,Normal,PM1,0.765311227,3.91e-10,FALSE,TRUE,NA,0.028562518529435373,0.03910389505832785,0.476,NA
3,5,Rectifier,1,0.008320758,0.133043173,Uniform,PM1,0.757013746,3.86e-10,TRUE,TRUE,NA,0.5347467548891557,0.5469134068695409,0.091,NA
3,6,Tanh,1,0.121987776,0.089889653,UniformAdaptive,PM.5,0.724448362,3.64e-10,FALSE,TRUE,NA,0.054004149537116616,0.05371867566472256,0.202,NA
3,7,Rectifier,2,0.190956102,0.251376292,UniformAdaptive,PM.5,0.738092026,3.82e-10,TRUE,TRUE,NA,0.14863959404586577,0.15542312948865922,0.088,NA
3,8,Tanh,3,0.134386094,0.127235678,Normal,ZO,0.728718226,2.98e-10,TRUE,TRUE,NA,0.0666729110212651,0.07558810838840144,0.519,NA
3,9,Rectifier,1,0.209829633,0.146593417,Uniform,ZO,0.735658011,3.97e-10,FALSE,TRUE,NA,0.1381241013439155,0.15059725306172822,0.052,NA
3,10,Tanh,3,0.11964957,0.23764315,Uniform,PM.5,0.763038145,3.29e-10,FALSE,TRUE,NA,0.008816859361939126,0.011466404021850644,0.461,NA
3,11,Tanh,1,0.108868387,0.210124135,UniformAdaptive,ZO,0.737542169,2.7e-10,TRUE,TRUE,NA,0.06100968691464443,0.06590746848621828,0.432,NA
3,12,Tanh,2,0.098906505,0.189818116,Normal,PM1,0.752751476,3.49e-10,TRUE,TRUE,NA,0.2372618511372085,0.24605129142435264,0.289,NA
3,13,Rectifier,3,0.026416222,0.19879797,Normal,PM1,0.72600004,3.22e-10,TRUE,TRUE,NA,0.5678983378141685,0.6286391430493371,0.093,NA
3,14,Tanh,1,0.04571026,0.24904325,Normal,ZO,0.769233991,2.9e-10,FALSE,TRUE,NA,0.06727323391419868,0.06450067292788934,0.409,NA
3,15,Tanh,1,0.061620564,0.083317536,Normal,ZO,0.760305326,2.85e-10,FALSE,TRUE,NA,0.0637660708075146,0.07154852668729698,0.46,NA
3,16,Tanh,3,0.137972617,0.326778908,UniformAdaptive,ZO,0.802002623,3.77e-10,FALSE,TRUE,NA,0.027259079958472165,0.02784970925262097,0.488,NA
3,17,Rectifier,2,0.235369775,0.274960426,Normal,PM1,0.775104852,3.59e-10,TRUE,TRUE,NA,0.540915965409777,0.5647126207620955,0.422,NA
3,18,Tanh,2,0.144379811,0.155760718,UniformAdaptive,ZO,0.763982601,3.75e-10,FALSE,TRUE,NA,0.07723612720683522,0.0728831556597586,0.504,NA
3,19,Rectifier,1,0.211341299,0.095379893,UniformAdaptive,ZO,0.794271306,3.32e-10,TRUE,TRUE,NA,0.11695640458591855,0.1255958773797221,0.102,NA
3,20,Rectifier,1,0.220496434,0.114664919,Uniform,PM.5,0.761685759,3.51e-10,TRUE,TRUE,NA,0.14839624584426533,0.15685087985185375,0.049,NA
3,21,Tanh,2,0.040827781,0.316036109,UniformAdaptive,PM1,0.742606733,2.19e-10,TRUE,TRUE,NA,0.07786911615632905,0.10124195147011131,0.483,NA
3,22,Rectifier,3,0.004821584,0.270421993,Normal,PM1,0.730116391,1.88e-10,TRUE,TRUE,NA,0.5807780747190862,0.6170708590512719,0.101,NA
3,23,Rectifier,3,0.129706341,0.337761488,UniformAdaptive,ZO,0.747851033,2.63e-10,FALSE,TRUE,NA,0.08704180787119459,0.10123035664380983,0.206,NA
3,24,Tanh,1,0.186751235,0.321177902,Normal,ZO,0.751464244,2.02e-10,TRUE,TRUE,NA,0.14614979707060285,0.15455560190441173,0.202,NA
3,25,Tanh,3,0.016061828,0.290039822,Uniform,ZO,0.763758809,2.08e-10,TRUE,TRUE,NA,0.016296116593392668,0.019293920783881143,0.509,NA
3,26,Tanh,1,0.057564943,0.328146621,UniformAdaptive,PM1,0.789357134,2.76e-10,FALSE,TRUE,NA,0.2587803662149827,0.28772294479528265,0.213,NA
3,27,Rectifier,3,0.114965582,0.296562774,UniformAdaptive,ZO,0.777511658,3.07e-10,FALSE,TRUE,NA,0.022664580755612146,0.027169561065274888,0.444,NA
3,28,Tanh,1,0.021410396,0.268111457,Uniform,PM.5,0.781986403,3.96e-10,FALSE,TRUE,NA,0.062062838500875975,0.0670479627321528,0.386,NA
3,29,Rectifier,2,0.005924887,0.319464341,UniformAdaptive,ZO,0.792071191,3.61e-10,FALSE,TRUE,NA,0.04342539336880838,0.04459530770320382,0.405,NA
3,30,Rectifier,2,0.124490195,0.287295187,UniformAdaptive,PM.5,0.755535016,3.99e-10,TRUE,TRUE,NA,0.14849458566460771,0.1560658823055849,0.059,NA
3,31,Tanh,1,0.153559468,0.281430304,Uniform,PM1,0.733666632,3.17e-10,FALSE,TRUE,NA,0.24520708076963743,0.2480925384384636,0.438,NA
3,32,Tanh,1,0.051031222,0.308781757,Normal,PM.5,0.728503567,3.94e-10,TRUE,TRUE,NA,0.06377092078299756,0.0629191347812296,0.271,NA
3,33,Rectifier,1,0.322207519,0.052987026,UniformAdaptive,PM1,0.815340948,3.68e-10,TRUE,TRUE,NA,0.8040039468431397,0.8285782412687074,0.042,NA
3,34,Rectifier,2,0.300180442,0.015705225,Normal,ZO,0.778793281,3.54e-10,TRUE,TRUE,NA,0.08824992013261415,0.09492375276095145,0.402,NA
3,35,Tanh,3,0.254635362,0.101488474,Normal,PM1,0.790585492,2.67e-10,FALSE,TRUE,NA,0.03617322440032215,0.046593181259679275,0.51,NA
3,36,Tanh,1,0.338927628,0.072668825,Uniform,PM1,0.767297638,2.7e-10,FALSE,TRUE,NA,0.23658587062673092,0.2523336427505584,0.466,NA
3,37,Rectifier,1,0.216805201,0.036757066,Normal,ZO,0.770082689,3.15e-10,TRUE,TRUE,NA,0.1750659063893305,0.18225622241162198,0.054,NA
3,38,Rectifier,1,0.157220239,0.01088052,Normal,ZO,0.74674807,3.36e-10,TRUE,TRUE,NA,0.13622137548811522,0.14146799655557193,0.078,NA
3,39,Rectifier,2,0.233369007,0.064011139,Uniform,ZO,0.731696012,3.27e-10,TRUE,TRUE,NA,0.00840156401976723,0.011419724841732024,0.42,NA
3,40,Tanh,2,0.261271864,0.089347677,Uniform,PM.5,0.777267527,3.78e-10,TRUE,TRUE,NA,0.007279916709547097,0.009304869002657186,0.372,NA
3,41,Tanh,3,0.308381563,0.150620519,UniformAdaptive,PM.5,0.754669029,3.57e-10,FALSE,TRUE,NA,0.008738513917420511,0.011458331422732485,0.348,NA
3,42,Rectifier,3,0.277223577,0.12490238,UniformAdaptive,PM1,0.745478574,4.02e-10,FALSE,TRUE,NA,0.5232371149163633,0.5637826334997907,0.343,NA
3,43,Rectifier,2,0.2709629,0.168038681,Normal,ZO,0.741709076,3.08e-10,TRUE,TRUE,NA,0.10125212278028224,0.11691924838423054,0.281,NA
3,44,Rectifier,2,0.314499366,0.009704618,UniformAdaptive,ZO,0.723769647,3.99e-10,FALSE,TRUE,NA,0.13668908146057313,0.1474385099264447,0.059,NA
3,45,Rectifier,2,0.279495886,0.033949269,Uniform,ZO,0.734742532,2.86e-10,TRUE,TRUE,NA,0.06855214500581366,0.07619192319407753,0.153,NA
3,46,Tanh,2,0.21807274200000001,0.161463052,Normal,PM1,0.832163196,3.92e-10,FALSE,TRUE,NA,0.0713739388491674,0.10429198042009827,0.505,NA
3,47,Tanh,2,0.203805526,0.071904018,Normal,PM1,0.842329982,3.81e-10,FALSE,TRUE,NA,0.03130544995742182,0.04553498356659302,0.472,NA
3,48,Rectifier,2,0.246114197,0.084285427,Normal,PM.5,0.81145047,2.95e-10,FALSE,TRUE,NA,0.1401872532129047,0.1485888608680426,0.112,NA
3,49,Rectifier,1,0.162150462,0.046056138,Normal,PM1,0.824924821,3.9e-10,TRUE,TRUE,NA,0.5298055311361096,0.5420295961812519,0.168,NA
3,50,Rectifier,3,0.272569602,0.109850039,UniformAdaptive,PM1,0.846383539,2.59e-10,FALSE,TRUE,NA,0.5008769259620725,0.5069533226127874,0.139,NA
3,51,Rectifier,2,0.295565408,0.028686867,Uniform,PM.5,0.845006946,2.06e-10,TRUE,TRUE,NA,0.14744237602434748,0.15354020450250203,0.162,NA
3,52,Rectifier,3,0.330219491,0.008827969,Uniform,PM1,0.809719416,2.42e-10,TRUE,TRUE,NA,0.6296687894532935,0.6652820229156785,0.102,NA
3,53,Tanh,2,0.304398691,0.075446084,Uniform,PM1,0.829286173,3.22e-10,TRUE,TRUE,NA,0.03519487403093851,0.04357288593314536,0.532,NA
3,54,Tanh,3,0.296139428,0.322350395,Uniform,PM1,0.763611983,3.89e-10,FALSE,TRUE,NA,0.03589856624455869,0.047520891960865584,0.5,NA
3,55,Tanh,3,0.328424359,0.329623445,Normal,ZO,0.729166447,3.3e-10,FALSE,TRUE,NA,0.06989970362001816,0.07807748224043688,0.494,NA
3,56,Rectifier,1,0.251747639,0.278292888,Uniform,ZO,0.723629156,2.76e-10,TRUE,TRUE,NA,0.12707114089336627,0.1437398584489758,0.755,NA
3,57,Rectifier,2,0.306210365,0.259856701,Uniform,ZO,0.772255652,2.48e-10,FALSE,TRUE,NA,0.1327812333970796,0.1452299919613006,0.099,NA
3,58,Tanh,2,0.197309295,0.306804948,Normal,PM1,0.769486227,3.48e-10,FALSE,TRUE,NA,0.0641253701465746,0.08304301596311393,0.46,NA
3,59,Rectifier,2,0.267598535,0.224759702,UniformAdaptive,ZO,0.730706796,3.71e-10,FALSE,TRUE,NA,0.023362532261691726,0.029432622928079025,0.37,NA
3,60,Tanh,2,0.333845217,0.216242529,Normal,PM1,0.744129847,2.88e-10,TRUE,TRUE,NA,0.0800163073701765,0.09922695710558044,0.458,NA
3,61,Rectifier,1,0.325196842,0.126121472,UniformAdaptive,PM1,0.782130031,3.29e-10,FALSE,TRUE,NA,0.5309638274888371,0.5270396059406508,0.225,NA
3,62,Tanh,1,0.283626193,0.191460016,Normal,PM.5,0.772832811,3.34e-10,FALSE,TRUE,NA,0.07084233235858396,0.08725430063059073,0.436,NA
3,63,Tanh,1,0.297062246,0.20188893,UniformAdaptive,PM1,0.793182978,2.77e-10,TRUE,TRUE,NA,0.22596861768459622,0.22048739276508986,0.422,NA
3,64,Tanh,2,0.315264324,0.18431573,UniformAdaptive,PM.5,0.761489151,2.25e-10,FALSE,TRUE,NA,0.009155351248835077,0.011004414101337769,0.44,NA
3,65,Rectifier,3,0.287412271,0.145350442,Normal,PM1,0.817990466,3.03e-10,TRUE,TRUE,NA,0.5808089661782653,0.6248486510090825,0.168,NA
3,66,Tanh,3,0.250243136,0.197388629,Normal,PM.5,0.755826766,1.96e-10,FALSE,TRUE,NA,0.01267912889161319,0.0178636827378847,0.509,NA
3,67,Tanh,2,0.210673984,0.223639906,Uniform,PM1,0.765733458,2.82e-10,FALSE,TRUE,NA,0.0906948981670186,0.0993558902136538,0.473,NA
3,68,Rectifier,2,0.241811422,0.132386072,Normal,PM1,0.771504427,2.28e-10,TRUE,TRUE,NA,0.5750956594867791,0.6005323972324798,0.27,NA
3,69,Tanh,3,0.293243564,0.159062774,Normal,PM.5,0.725622444,2.53e-10,TRUE,TRUE,NA,0.010573086032305534,0.014601584123800148,0.5,NA
3,70,Rectifier,3,0.214975547,0.284495125,UniformAdaptive,PM1,0.804867807,8.5e-11,TRUE,TRUE,NA,0.5343617785855482,0.5688169241951163,0.424,NA
3,71,Rectifier,1,0.246674383,0.235390901,Normal,ZO,0.768205425,7.52e-11,TRUE,TRUE,NA,0.16779039266889523,0.16343599476927007,0.083,NA
3,72,Rectifier,1,0.280264738,0.212185917,Uniform,PM.5,0.779517395,1.16e-10,TRUE,TRUE,NA,0.1531359996581521,0.1609021681348983,0.078,NA
3,73,Tanh,3,0.25718093400000003,0.244640403,UniformAdaptive,PM.5,0.81372085,1.53e-10,TRUE,TRUE,NA,0.00807107271650473,0.010721274029671988,0.476,NA
3,74,Rectifier,3,0.305670405,0.322841679,Uniform,ZO,0.811972994,1.07e-10,FALSE,TRUE,NA,0.11984753303338626,0.1347982916012865,0.239,NA
3,75,Rectifier,2,0.269814291,0.335708204,UniformAdaptive,PM.5,0.836101297,1.01e-10,FALSE,TRUE,NA,0.14264390526780243,0.14688517775192864,0.112,NA
3,76,Rectifier,1,0.243798009,0.309166041,Uniform,PM.5,0.840121957,1.73e-10,FALSE,TRUE,NA,0.1485802207171952,0.15504127986570138,0.07,NA
3,77,Rectifier,1,0.262782473,0.302477063,UniformAdaptive,PM.5,0.759296029,1.32e-10,FALSE,TRUE,NA,0.23010898145279765,0.23716475170278015,0.045,NA
3,78,Tanh,3,0.33571367,0.266266555,Uniform,PM1,0.732181252,1.12e-10,TRUE,TRUE,NA,0.09583906410938461,0.10557149663482368,0.509,NA
3,79,Tanh,2,0.286877386,0.243089932,Normal,PM.5,0.739635265,1.84e-10,FALSE,TRUE,NA,0.013171846053121996,0.01315504626235823,0.443,NA
3,80,Tanh,2,0.217228794,0.333332518,Uniform,PM.5,0.737813339,2.3e-10,FALSE,TRUE,NA,0.016895312548147915,0.02042672895607281,0.48,NA
3,81,Rectifier,1,0.272373258,0.277399333,Uniform,PM.5,0.781740699,1.89e-10,FALSE,TRUE,NA,0.15410687435140608,0.16407649959690312,0.041,NA
3,82,Rectifier,3,0.207412345,0.193604154,Uniform,PM1,0.727369236,1.21e-10,FALSE,TRUE,NA,0.5318250857840948,0.5506423462479371,0.463,NA
3,83,Tanh,3,0.195239182,0.152114499,UniformAdaptive,PM1,0.746465818,1.75e-10,TRUE,TRUE,NA,0.026888305932562563,0.03577739803389978,0.468,NA
3,84,Rectifier,1,0.299882101,0.229806681,Uniform,ZO,0.747571682,9.08e-11,FALSE,TRUE,NA,0.362102527080594,0.3467549044185717,0.061,NA
3,85,Tanh,3,0.316402,0.102848716,UniformAdaptive,PM1,0.729829941,1.68e-10,FALSE,TRUE,NA,0.026464943010950828,0.03485224227529613,0.493,NA
3,86,Tanh,3,0.313927439,0.158449981,Uniform,ZO,0.775771737,1.38e-10,TRUE,TRUE,NA,0.0850652082833007,0.08738463708620356,0.479,NA
3,87,Tanh,3,0.30919751,0.087985468,Uniform,ZO,0.751388792,1.18e-10,FALSE,TRUE,NA,0.016810882867411014,0.01762246945692073,0.491,NA
3,88,Tanh,3,0.19807148,0.102631475,UniformAdaptive,ZO,0.753927922,8.08e-11,TRUE,TRUE,NA,0.016131555983329916,0.020721477117573182,0.497,NA
3,89,Tanh,2,0.238609608,0.003218733,Uniform,ZO,0.725426111,1.03e-10,TRUE,TRUE,NA,0.03282256319332208,0.03636980201695113,0.483,NA
3,90,Rectifier,3,0.252039164,0.121571952,Normal,PM1,0.741261107,1.4e-10,FALSE,TRUE,NA,0.5039481711521091,0.5427236328091518,0.422,NA
3,91,Rectifier,3,0.318700553,0.026943386,Normal,ZO,0.757831737,9.31e-11,TRUE,TRUE,NA,0.13941537260135833,0.14943568430978696,0.239,NA
3,92,Rectifier,3,0.224316756,0.022441269,Normal,PM.5,0.750185382,2.51e-10,TRUE,TRUE,NA,0.14158000081469502,0.14065666717940228,0.229,NA
3,93,Rectifier,3,0.323857638,0.018026943,UniformAdaptive,PM1,0.73304997,1.91e-10,FALSE,TRUE,NA,0.4663868750746728,0.4874828494025956,0.358,NA
3,94,Tanh,1,0.092985675,0.217195412,Uniform,ZO,0.724687592,1.63e-10,FALSE,TRUE,NA,0.08657298898316156,0.10226874833503417,0.435,NA
3,95,Tanh,1,0.09700967,0.290767498,Uniform,PM1,0.73478631,8.94e-11,TRUE,TRUE,NA,0.27679843183386976,0.295797107425882,0.448,NA
3,96,Tanh,3,0.166750119,0.334645368,Normal,ZO,0.773192955,1.28e-10,TRUE,TRUE,NA,0.10356126143563096,0.11751445917074543,0.415,NA
3,97,Tanh,3,0.076953423,0.263804169,Normal,PM.5,0.748144571,1.7e-10,FALSE,TRUE,NA,0.03210686629747012,0.02862309913203924,0.516,NA
3,98,Tanh,2,0.007195482,0.328689778,Uniform,PM.5,0.744331563,1.11e-10,FALSE,TRUE,NA,0.01583053340016512,0.016618119392584743,0.384,NA
3,99,Rectifier,1,0.030262817,0.239502971,UniformAdaptive,PM1,0.758681665,1.21e-10,TRUE,TRUE,NA,0.5485887540552711,0.5837271234120593,0.131,NA
3,100,Rectifier,1,0.070456369,0.293034807,Normal,ZO,0.770068883,1.48e-10,TRUE,TRUE,NA,0.13984804561323277,0.15306935442310776,0.14,NA
3,101,Tanh,2,0.023827485,0.081320089,Uniform,PM1,0.740988204,2.31e-10,TRUE,TRUE,NA,0.027097738577242243,0.03797623416932938,0.476,NA
3,102,Tanh,1,0.037788492,0.136879671,UniformAdaptive,ZO,0.732951677,1.55e-10,FALSE,TRUE,NA,0.14824237703101312,0.1615613014453309,0.12,NA
3,103,Rectifier,3,0.15054138,0.114132602,UniformAdaptive,PM.5,0.736683654,9.98e-11,FALSE,TRUE,NA,0.1418834025097155,0.14394197984105309,0.239,NA
3,104,Tanh,1,0.022001128,0.18040963,Uniform,PM1,0.745316199,7.56e-11,FALSE,TRUE,NA,0.2465937464601255,0.2749827604661969,0.445,NA
3,105,Rectifier,2,0.085763113,0.140146068,UniformAdaptive,PM1,0.750054709,8.69e-11,FALSE,TRUE,NA,0.5943837525023957,0.624864390298775,0.373,NA
3,106,Tanh,1,0.051390811,0.029900279,UniformAdaptive,ZO,0.738599904,1.38e-10,TRUE,TRUE,NA,0.05883940114428516,0.06472735659430637,0.391,NA
3,107,Tanh,3,0.078464449,0.14581472,Uniform,PM.5,0.768858964,2.19e-10,TRUE,TRUE,NA,0.007553601375109458,0.010271022901429137,0.471,NA
3,108,Rectifier,3,0.012585897,0.160712532,UniformAdaptive,PM.5,0.790260552,9.11e-11,FALSE,TRUE,NA,0.12595642909168991,0.12787827407259392,0.232,NA
3,109,Rectifier,2,0.077988378,0.060835595,UniformAdaptive,ZO,0.784021651,1.11e-10,TRUE,TRUE,NA,0.053574581209341006,0.05111985271078558,0.414,NA
3,110,Tanh,1,0.047735845,0.117941275,UniformAdaptive,ZO,0.807281954,7.72e-11,TRUE,TRUE,NA,0.13361212565934535,0.14203687508960253,0.144,NA
3,111,Tanh,3,0.123487848,0.174436401,Uniform,PM.5,0.769599435,9.7e-11,TRUE,TRUE,NA,0.008952210505786594,0.011804286760799027,0.505,NA
3,112,Tanh,2,0.128584183,0.153930977,Uniform,PM1,0.796744854,1.3e-10,FALSE,TRUE,NA,0.032911587887308746,0.043284992473532,0.456,NA
3,113,Rectifier,3,0.234042101,0.164192177,Normal,ZO,0.808371641,1.79e-10,TRUE,TRUE,NA,0.12318459110342724,0.14149861963959479,0.189,NA
3,114,Tanh,2,0.177951307,0.095634602,UniformAdaptive,PM1,0.726258956,2.13e-10,TRUE,TRUE,NA,0.03272326033688539,0.043649672196517414,0.476,NA
3,115,Rectifier,1,0.097445127,0.120005724,UniformAdaptive,PM1,0.757621197,1.8e-10,FALSE,TRUE,NA,0.5474772993710207,0.5917558790703055,0.281,NA
3,116,Rectifier,3,0.163531544,0.065103955,UniformAdaptive,PM1,0.768730824,1.64e-10,FALSE,TRUE,NA,0.4430749209613728,0.46846149959579897,0.245,NA
3,117,Rectifier,3,0.156944267,0.138050799,Uniform,PM.5,0.778973178,2.43e-10,TRUE,TRUE,NA,0.14700366468940645,0.1503883662683438,0.186,NA
3,118,Rectifier,1,0.100986271,0.0260673,UniformAdaptive,PM1,0.727187911,2.25e-10,FALSE,TRUE,NA,0.7539314181059651,0.7787947228451814,0.042,NA
3,119,Tanh,2,0.114011347,0.045238874,UniformAdaptive,PM.5,0.744485668,2.41e-10,FALSE,TRUE,NA,0.0067911003217178195,0.00906646667658849,0.455,NA
3,120,Tanh,3,0.11943753,0.030760631,Normal,PM.5,0.788025239,2e-10,TRUE,TRUE,NA,0.01441094252513851,0.015239319633290147,0.488,NA
3,121,Tanh,3,0.062831297,0.002688875,Uniform,PM.5,0.749307558,2.1e-10,TRUE,TRUE,NA,0.0067603573180461665,0.009005900893579234,0.508,NA
3,122,Tanh,2,0.084572924,0.324154993,Normal,ZO,0.842527253,3.35e-10,TRUE,TRUE,NA,0.13346346579770882,0.14117646128336217,0.179,NA
3,123,Rectifier,2,0.121593658,0.335220696,Normal,PM.5,0.813482758,3.24e-10,FALSE,TRUE,NA,0.1467246129093283,0.15468933306875493,0.076,NA
3,124,Rectifier,3,0.088853192,0.256790583,Uniform,PM1,0.805994939,3.15e-10,TRUE,TRUE,NA,0.5647925346532201,0.6086212872793733,0.109,NA
3,125,Tanh,1,0.015096976,0.244003413,Normal,PM.5,0.834316748,3.4e-10,FALSE,TRUE,NA,0.0719655736350668,0.06753159198715662,0.463,NA
3,126,Rectifier,2,0.205528828,0.329448992,UniformAdaptive,PM1,0.830201236,2.91e-10,TRUE,TRUE,NA,0.6561097389351316,0.6932570763478141,0.08,NA
3,127,Rectifier,1,0.225094209,0.241835164,Normal,PM1,0.843611163,2.97e-10,FALSE,TRUE,NA,0.5943837525023957,0.6250614030066697,0.122,NA
3,128,Rectifier,2,0.20308236,0.271581902,Normal,ZO,0.816965093,3.37e-10,FALSE,TRUE,NA,0.18486648037260614,0.20573411931900004,0.157,NA
3,129,Tanh,2,0.17408965,0.214628042,Normal,PM1,0.812520747,3.56e-10,FALSE,TRUE,NA,0.2932721403227193,0.3547227540625332,0.457,NA
3,130,Rectifier,1,0.332101627,0.326067488,Uniform,PM.5,0.78661091,1.78e-10,FALSE,TRUE,NA,0.1495629239826773,0.15740804930571842,0.038,NA
3,131,Rectifier,2,0.237361217,0.337419269,UniformAdaptive,PM.5,0.784533753,3.05e-10,TRUE,TRUE,NA,0.14867059807337216,0.15616184715804093,0.098,NA
3,132,Tanh,3,0.313411555,0.279816414,Uniform,ZO,0.82287884,2.94e-10,FALSE,TRUE,NA,0.011683476846088843,0.01442413198977533,0.477,NA
3,133,Rectifier,1,0.281249253,0.300353698,Normal,PM1,0.825729292,2.17e-10,FALSE,TRUE,NA,0.6235937050791203,0.642153235234918,0.147,NA
3,134,Tanh,1,0.236111806,0.195267553,Uniform,PM1,0.821518499,2.71e-10,FALSE,TRUE,NA,0.23782328936954328,0.2556407918287934,0.434,NA
3,135,Tanh,3,0.228971887,0.208716041,Uniform,PM1,0.806193512,3.95e-10,FALSE,TRUE,NA,0.02790056894141025,0.03879626640009348,0.481,NA
3,136,Tanh,1,0.317636807,0.174263134,UniformAdaptive,PM.5,0.835966102,3.46e-10,FALSE,TRUE,NA,0.05913186800651835,0.05498650956916893,0.401,NA
3,137,Rectifier,2,0.335125725,0.18321793,Uniform,PM1,0.819102969,3.73e-10,TRUE,TRUE,NA,0.5490160828592573,0.5783291472279303,0.044,NA
3,138,Rectifier,1,0.337415183,0.2611769,Normal,PM.5,0.785881571,3.86e-10,TRUE,TRUE,NA,0.14800875314265072,0.1531433649131945,0.159,NA
3,139,Tanh,1,0.291354059,0.281709352,UniformAdaptive,ZO,0.845292749,3.77e-10,FALSE,TRUE,NA,0.06469336960601121,0.07254770545672788,0.393,NA
3,140,Tanh,2,0.26385223,0.330794628,UniformAdaptive,PM1,0.809140225,4.03e-10,TRUE,TRUE,NA,0.061005488124274365,0.08003035872231078,0.44,NA
3,141,Rectifier,3,0.288622071,0.315175903,UniformAdaptive,PM.5,0.797550102,3.16e-10,FALSE,TRUE,NA,0.14546079283812827,0.15142331615405616,0.054,NA
3,142,Rectifier,3,0.184620706,0.197080773,Normal,ZO,0.827589594,8.9e-11,TRUE,TRUE,NA,0.13250538948298526,0.13903467654313373,0.21,NA
3,143,Tanh,3,0.217657283,0.259310658,UniformAdaptive,PM1,0.846823623,1.35e-10,FALSE,TRUE,NA,0.044359203173242066,0.05614806019525136,0.503,NA
3,144,Rectifier,1,0.115541196,0.198571968,UniformAdaptive,ZO,0.842200689,1.44e-10,FALSE,TRUE,NA,0.13286989877163588,0.14063191809452139,0.069,NA
3,145,Tanh,3,0.053281516,0.217947508,UniformAdaptive,ZO,0.845345087,9.82e-11,TRUE,TRUE,NA,0.011584399034351435,0.014895380654278837,0.471,NA
3,146,Rectifier,3,0.135402742,0.241071989,Normal,PM1,0.832618953,1.6e-10,TRUE,TRUE,NA,0.5968015420069608,0.5858138388626177,0.359,NA
3,147,Rectifier,3,0.017818591,0.191076907,Normal,PM.5,0.816205793,1.69e-10,FALSE,TRUE,NA,0.13801858057349395,0.14753984393092626,0.151,NA
3,148,Rectifier,1,0.110793503,0.288033965,Uniform,PM.5,0.828218117,1.13e-10,TRUE,TRUE,NA,0.14543770916697915,0.15158679795426167,0.121,NA
3,149,Rectifier,2,0.240859882,0.253843303,Uniform,ZO,0.824050096,8.01e-11,FALSE,TRUE,NA,0.07634017909312138,0.08557930724915386,0.425,NA
3,150,Rectifier,3,0.148372558,0.311506257,UniformAdaptive,PM.5,0.788735384,9.29e-11,FALSE,TRUE,NA,0.1482627150815897,0.15648194774880805,0.15,NA
3,151,Rectifier,2,0.07362335,0.24134645,UniformAdaptive,ZO,0.797929361,9.41e-11,TRUE,TRUE,NA,0.030224360616808246,0.03771731153209349,0.434,NA
3,152,Rectifier,2,0.067763761,0.265771422,Uniform,PM1,0.82449173,2.65e-10,FALSE,TRUE,NA,0.5572057059797815,0.5997610321335335,0.169,NA
3,153,Tanh,1,0.002527009,0.276205873,Uniform,ZO,0.836434792,1.24e-10,TRUE,TRUE,NA,0.07857863735995324,0.07927089791115953,0.414,NA
3,154,Rectifier,1,0.032249856,0.33796355300000003,Normal,PM1,0.843441309,1.79e-10,FALSE,TRUE,NA,0.6060398605051407,0.634765014302723,0.358,NA
3,155,Rectifier,1,0.086925124,0.180833119,Normal,ZO,0.793719628,2.34e-10,FALSE,TRUE,NA,0.1503854634162118,0.15192312928466656,0.124,NA
3,156,Tanh,1,0.065531122,0.245152467,UniformAdaptive,PM.5,0.78109644600000006,2.02e-10,TRUE,TRUE,NA,0.059115717580786396,0.06361080533063437,0.323,NA
3,157,Rectifier,2,0.102522635,0.227469494,Uniform,PM1,0.791159629,1.86e-10,FALSE,TRUE,NA,0.6275763699945418,0.6465432198831575,0.094,NA
3,158,Tanh,1,0.151750836,0.255080859,UniformAdaptive,PM.5,0.76044548,1.56e-10,TRUE,TRUE,NA,0.05858069398337881,0.06204487726489512,0.398,NA
3,159,Tanh,1,0.003141959,0.302350366,UniformAdaptive,PM1,0.805473688,2.4e-10,TRUE,TRUE,NA,0.2659921184793796,0.2952353323969236,0.272,NA
3,160,Tanh,1,0.023371615,0.309528844,Normal,PM.5,0.800563291,1.42e-10,TRUE,TRUE,NA,0.0680566614213301,0.078825989595037,0.447,NA
3,161,Tanh,2,0.159012087,0.292579836,UniformAdaptive,ZO,0.81613569,2.49e-10,TRUE,TRUE,NA,0.02171700159585501,0.02476387800942442,0.444,NA
3,162,Tanh,3,0.099524957,0.307929384,Uniform,PM.5,0.810724101,2.84e-10,TRUE,TRUE,NA,0.011562159622783492,0.01465757098406582,0.374,NA
3,163,Tanh,3,0.181783027,0.304342626,UniformAdaptive,PM.5,0.79292991,1.7e-10,TRUE,TRUE,NA,0.011254906384042624,0.014823283711591966,0.499,NA
3,164,Tanh,2,0.19123417,0.31446413,Normal,PM.5,0.837400097,2.22e-10,TRUE,TRUE,NA,0.016630489622312027,0.02039009037381395,0.459,NA
3,165,Tanh,1,0.198276644,0.217687372,UniformAdaptive,PM.5,0.802660504,2.61e-10,FALSE,TRUE,NA,0.057087623925321164,0.0602821000972109,0.294,NA
3,166,Tanh,3,0.168951848,0.272689048,Uniform,ZO,0.756840107,2.55e-10,FALSE,TRUE,NA,0.012986698505798904,0.01587885001301192,0.438,NA
3,167,Rectifier,3,0.005503013,0.112569951,Uniform,ZO,0.825875841,1.46e-10,FALSE,TRUE,NA,0.01309662689562715,0.016654470418138397,0.338,NA
3,168,Rectifier,2,0.093448038,0.076587087,Normal,PM.5,0.843869761,2.18e-10,TRUE,TRUE,NA,0.14859593812559893,0.15621609757469376,0.142,NA
3,169,Tanh,1,0.072723771,0.20457302,UniformAdaptive,PM1,0.835677808,2.06e-10,TRUE,TRUE,NA,0.31224276679984014,0.3425847216629901,0.482,NA
3,170,Tanh,1,0.00462694,0.156580324,Normal,ZO,0.844876508,2.84e-10,FALSE,TRUE,NA,0.06661015247215893,0.0673807737188404,0.464,NA
3,171,Tanh,1,0.044837485,0.014671196,Normal,ZO,0.81877988,1.64e-10,TRUE,TRUE,NA,0.06714576580061579,0.0690290140689849,0.465,NA
3,172,Tanh,3,0.079952387,0.012068965,UniformAdaptive,ZO,0.827138205,2.38e-10,FALSE,TRUE,NA,0.009838905024368868,0.01151871686512542,0.283,NA
3,173,Rectifier,1,0.068100521,0.038875435,Normal,PM.5,0.798526537,3.01e-10,TRUE,TRUE,NA,0.22895508019270192,0.24509727288849018,0.054,NA
3,174,Rectifier,1,0.007684752,0.019957259,Uniform,PM.5,0.782959769,2.28e-10,FALSE,TRUE,NA,0.1471702048575123,0.1546851003375896,0.095,NA
3,175,Rectifier,1,0.131798656,0.136321112,Uniform,PM1,0.840593653,3.31e-10,TRUE,TRUE,NA,0.5565876354635367,0.596255872335442,0.192,NA
3,176,Tanh,2,0.112988754,0.142352108,Uniform,ZO,0.833235509,2.53e-10,TRUE,TRUE,NA,0.010892916244106708,0.013983042266107576,0.488,NA
3,177,Tanh,2,0.042121397,0.201408392,Uniform,PM1,0.811609284,2.44e-10,FALSE,TRUE,NA,0.03264189928578423,0.051093071079662156,0.496,NA
3,178,Rectifier,3,0.17047214,0.076969034,Normal,PM.5,0.787314768,2.89e-10,FALSE,TRUE,NA,0.14068837658834804,0.14574308140857722,0.261,NA
3,179,Tanh,2,0.20181987,0.117457832,Normal,ZO,0.823538907,2.34e-10,FALSE,TRUE,NA,0.13844333828660954,0.1514975182506053,0.314,NA
3,180,Rectifier,2,0.138495188,0.023302102,Uniform,PM.5,0.81503627,2.77e-10,TRUE,TRUE,NA,0.1938315817943106,0.20280999597018687,0.059,NA
3,181,Rectifier,2,0.143682313,0.091198372,Normal,ZO,0.801329163,2.24e-10,FALSE,TRUE,NA,0.07096592337929405,0.08912350583165157,0.455,NA
3,182,Rectifier,2,0.125335963,0.035700698,Uniform,PM1,0.837581743,3.58e-10,TRUE,TRUE,NA,0.4940612381479036,0.4935315188719301,0.161,NA
3,183,Rectifier,2,0.036549332,0.055247915,Uniform,ZO,0.845735454,3.19e-10,FALSE,TRUE,NA,0.010589089646642996,0.014615274898781725,0.462,NA
3,184,Tanh,3,0.028316522,0.031061953,Uniform,PM1,0.829608744,3.73e-10,TRUE,TRUE,NA,0.023888778230399005,0.03471148532359045,0.521,NA
3,185,Tanh,2,0.181339533,0.003490665,Normal,PM1,0.803875771,3.63e-10,FALSE,TRUE,NA,0.04209769911993506,0.04709891859638818,0.46,NA
3,186,Rectifier,2,0.003768874,0.07841787,Uniform,PM.5,0.794586814,4.01e-10,TRUE,TRUE,NA,0.15207233875009113,0.16340278512086356,0.054,NA
3,187,Tanh,2,0.109421986,0.073960553,UniformAdaptive,PM.5,0.773501207,3.37e-10,TRUE,TRUE,NA,0.006995786236687274,0.009374041709750338,0.38,NA
3,188,Tanh,2,0.068826227,0.171291965,UniformAdaptive,PM.5,0.844242396,3.61e-10,TRUE,TRUE,NA,0.008849698973356954,0.011298382240276291,0.298,NA
3,189,Tanh,1,0.050105576,0.122570563,UniformAdaptive,PM1,0.788374651,3.69e-10,TRUE,TRUE,NA,0.23804253230072203,0.2651868882179175,0.433,NA
3,190,Tanh,2,0.055525844,0.18566474,UniformAdaptive,ZO,0.804441455,3.83e-10,FALSE,TRUE,NA,0.01286179424372145,0.014930942585975283,0.376,NA
3,191,Rectifier,2,0.019807541,0.146968795,UniformAdaptive,PM.5,0.805011902,3.25e-10,TRUE,TRUE,NA,0.14197304237201416,0.1477731231672095,0.226,NA
3,192,Tanh,3,0.030868543,0.093515846,Normal,ZO,0.809886668,1.88e-10,TRUE,TRUE,NA,0.011486890703458156,0.015343358579354009,0.483,NA
3,193,Rectifier,3,0.268126628,0.004707163,UniformAdaptive,PM.5,0.776206236,1.76e-10,TRUE,TRUE,NA,0.1373715674424993,0.14490009778029073,0.091,NA
3,194,Tanh,1,0.337618312,0.041816382,Uniform,ZO,0.800311371,1.49e-10,TRUE,TRUE,NA,0.06993739114814011,0.06653197434581064,0.438,NA
3,195,Rectifier,3,0.326808592,0.067728713,Normal,PM.5,0.792277157,1.96e-10,FALSE,TRUE,NA,0.1954433339893719,0.1963305879476423,0.087,NA
3,196,Tanh,2,0.183745386,0.014004676,UniformAdaptive,ZO,0.780842849,7.3e-11,TRUE,TRUE,NA,0.05863156534740451,0.06859494252894739,0.501,NA
3,197,Rectifier,2,0.255977691,0.048298496,Normal,PM.5,0.766546679,1.09e-10,FALSE,TRUE,NA,0.14859593812559893,0.15621609757469376,0.26,NA
3,198,Rectifier,3,0.230508134,0.058171902,UniformAdaptive,ZO,0.791591637,8.23e-11,FALSE,TRUE,NA,0.02011898704381584,0.022501171704089502,0.484,NA
3,199,Rectifier,3,0.189608254,0.035402316,Normal,PM1,0.810223817,1.14e-10,FALSE,TRUE,NA,0.8287416874140208,0.8887414962192695,0.114,NA
3,200,Rectifier,2,0.306665123,0.120225317,UniformAdaptive,PM.5,0.841520263,1.55e-10,TRUE,TRUE,NA,0.14825088648719906,0.15554927182545183,0.06,NA
